FaceShape,PreferredFrameStyle,FrameWidth(mm),FrameHeight(mm),Material,Color,RimType
Oval,Square,139,39,Titanium,Silver,Semi-Rimless
Oval,Rectangle,134,44,Titanium,Blue,Rimless
Oval,Square,131,49,Titanium,Silver,Rimless
Oval,Geometric,134,42,Metal,Blue,Semi-Rimless
Oval,Geometric,142,51,Acetate,Gold,Full-Rim
Oval,Square,126,44,Plastic,Silver,Semi-Rimless
Oval,Geometric,120,38,Metal,Black,Semi-Rimless
Oval,Geometric,125,48,Acetate,Tortoise,Full-Rim
Oval,Geometric,135,52,Plastic,Silver,Full-Rim
Oval,Geometric,148,37,Titanium,Red,Full-Rim
Oval,Rectangle,137,40,Acetate,Tortoise,Rimless
Oval,Geometric,128,52,Titanium,Black,Semi-Rimless
Oval,Rectangle,137,49,Titanium,Clear,Full-Rim
Oval,Square,124,46,Titanium,Blue,Semi-Rimless
Oval,Square,149,48,Acetate,Gold,Semi-Rimless
Oval,Square,123,50,Plastic,Silver,Semi-Rimless
Oval,Rectangle,147,52,Plastic,Gold,Full-Rim
Oval,Geometric,134,35,Titanium,Blue,Full-Rim
Oval,Geometric,125,40,Plastic,Silver,Full-Rim
Oval,Rectangle,135,53,Plastic,Red,Full-Rim
Oval,Rectangle,126,47,Acetate,Black,Semi-Rimless
Oval,Rectangle,128,45,Titanium,Tortoise,Rimless
Oval,Square,120,47,Titanium,Silver,Rimless
Oval,Geometric,136,43,Titanium,Clear,Full-Rim
Oval,Square,146,53,Plastic,Gold,Full-Rim
Oval,Rectangle,136,45,Plastic,Blue,Rimless
Oval,Geometric,141,43,Acetate,Clear,Rimless
Oval,Geometric,142,42,Titanium,Black,Rimless
Oval,Geometric,147,43,Plastic,Red,Semi-Rimless
Oval,Square,142,49,Acetate,Clear,Semi-Rimless
Oval,Rectangle,145,39,Metal,Clear,Semi-Rimless
Oval,Rectangle,125,39,Acetate,Tortoise,Rimless
Oval,Rectangle,149,45,Acetate,Red,Semi-Rimless
Oval,Geometric,131,55,Titanium,Blue,Semi-Rimless
Oval,Geometric,143,37,Acetate,Gold,Rimless
Oval,Square,134,40,Plastic,Clear,Semi-Rimless
Oval,Square,138,50,Plastic,Black,Semi-Rimless
Oval,Square,133,43,Titanium,Red,Full-Rim
Oval,Rectangle,150,44,Plastic,Silver,Full-Rim
Oval,Geometric,126,36,Titanium,Gold,Semi-Rimless
Oval,Square,140,39,Titanium,Black,Rimless
Oval,Rectangle,128,50,Acetate,Red,Rimless
Oval,Geometric,149,53,Plastic,Blue,Rimless
Oval,Rectangle,123,48,Plastic,Red,Semi-Rimless
Oval,Rectangle,139,38,Plastic,Black,Rimless
Oval,Square,137,53,Acetate,Silver,Semi-Rimless
Oval,Rectangle,120,50,Acetate,Silver,Semi-Rimless
Oval,Geometric,135,49,Metal,Black,Full-Rim
Oval,Rectangle,127,37,Plastic,Red,Semi-Rimless
Oval,Square,131,43,Titanium,Tortoise,Full-Rim
Oval,Square,125,36,Plastic,Silver,Full-Rim
Oval,Rectangle,138,49,Plastic,Red,Semi-Rimless
Oval,Rectangle,135,36,Plastic,Blue,Rimless
Oval,Rectangle,132,52,Plastic,Gold,Semi-Rimless
Oval,Square,149,41,Titanium,Red,Full-Rim
Oval,Square,137,37,Titanium,Blue,Semi-Rimless
Oval,Square,133,55,Metal,Black,Rimless
Oval,Geometric,148,55,Metal,Tortoise,Full-Rim
Oval,Rectangle,130,53,Metal,Gold,Rimless
Oval,Rectangle,142,36,Acetate,Black,Semi-Rimless
Oval,Geometric,134,38,Plastic,Black,Rimless
Oval,Geometric,141,42,Acetate,Tortoise,Rimless
Oval,Square,120,37,Plastic,Gold,Semi-Rimless
Oval,Rectangle,136,39,Acetate,Silver,Rimless
Oval,Geometric,124,43,Plastic,Clear,Rimless
Oval,Rectangle,126,35,Acetate,Tortoise,Rimless
Oval,Square,131,49,Titanium,Red,Semi-Rimless
Oval,Square,123,35,Plastic,Clear,Full-Rim
Oval,Square,147,50,Plastic,Blue,Full-Rim
Oval,Rectangle,145,39,Plastic,Gold,Semi-Rimless
Oval,Square,142,49,Plastic,Red,Semi-Rimless
Oval,Rectangle,120,38,Titanium,Black,Semi-Rimless
Oval,Rectangle,122,41,Metal,Clear,Semi-Rimless
Oval,Geometric,138,35,Titanium,Blue,Full-Rim
Oval,Square,146,54,Acetate,Clear,Semi-Rimless
Oval,Rectangle,144,52,Titanium,Black,Semi-Rimless
Oval,Geometric,127,47,Metal,Tortoise,Rimless
Oval,Rectangle,139,48,Titanium,Tortoise,Rimless
Oval,Geometric,128,54,Acetate,Tortoise,Rimless
Oval,Geometric,138,52,Acetate,Silver,Semi-Rimless
Oval,Square,146,38,Plastic,Red,Rimless
Oval,Rectangle,128,46,Acetate,Red,Semi-Rimless
Oval,Rectangle,133,51,Plastic,Black,Semi-Rimless
Oval,Geometric,139,44,Plastic,Tortoise,Full-Rim
Oval,Square,129,53,Plastic,Silver,Full-Rim
Oval,Square,147,47,Plastic,Blue,Rimless
Oval,Square,127,46,Titanium,Blue,Full-Rim
Oval,Rectangle,131,39,Titanium,Clear,Semi-Rimless
Oval,Rectangle,147,43,Plastic,Blue,Full-Rim
Oval,Square,145,50,Titanium,Clear,Semi-Rimless
Oval,Square,140,39,Metal,Clear,Rimless
Oval,Rectangle,127,53,Metal,Black,Rimless
Oval,Rectangle,137,49,Titanium,Silver,Full-Rim
Oval,Square,127,47,Titanium,Blue,Semi-Rimless
Oval,Geometric,130,52,Acetate,Tortoise,Semi-Rimless
Oval,Geometric,132,41,Titanium,Gold,Full-Rim
Oval,Square,125,51,Titanium,Gold,Semi-Rimless
Oval,Rectangle,138,38,Titanium,Red,Rimless
Oval,Geometric,132,53,Titanium,Black,Semi-Rimless
Oval,Geometric,144,37,Acetate,Blue,Full-Rim
Oval,Rectangle,147,47,Metal,Blue,Semi-Rimless
Oval,Rectangle,147,43,Metal,Tortoise,Full-Rim
Oval,Geometric,134,37,Plastic,Blue,Rimless
Oval,Geometric,139,40,Acetate,Clear,Full-Rim
Oval,Geometric,147,49,Metal,Silver,Rimless
Oval,Square,144,53,Plastic,Silver,Rimless
Oval,Geometric,142,51,Titanium,Clear,Rimless
Oval,Square,127,48,Titanium,Clear,Semi-Rimless
Oval,Square,122,46,Titanium,Blue,Rimless
Oval,Geometric,144,54,Acetate,Gold,Rimless
Oval,Square,147,40,Plastic,Black,Semi-Rimless
Oval,Geometric,144,45,Titanium,Red,Rimless
Oval,Rectangle,146,41,Acetate,Silver,Semi-Rimless
Oval,Geometric,140,49,Plastic,Gold,Semi-Rimless
Oval,Geometric,124,43,Acetate,Blue,Semi-Rimless
Oval,Geometric,141,53,Acetate,Clear,Semi-Rimless
Oval,Square,143,48,Acetate,Tortoise,Semi-Rimless
Oval,Square,121,36,Metal,Blue,Semi-Rimless
Oval,Geometric,141,47,Titanium,Clear,Rimless
Oval,Geometric,132,40,Plastic,Gold,Rimless
Oval,Square,150,43,Acetate,Tortoise,Rimless
Oval,Square,135,36,Acetate,Red,Full-Rim
Oval,Geometric,147,53,Acetate,Gold,Full-Rim
Oval,Square,139,50,Titanium,Clear,Rimless
Oval,Rectangle,126,45,Acetate,Clear,Rimless
Oval,Geometric,133,55,Titanium,Gold,Rimless
Oval,Rectangle,123,38,Metal,Tortoise,Full-Rim
Oval,Rectangle,122,45,Acetate,Gold,Full-Rim
Oval,Square,131,53,Acetate,Blue,Full-Rim
Oval,Rectangle,138,41,Titanium,Silver,Semi-Rimless
Oval,Rectangle,123,53,Titanium,Silver,Full-Rim
Oval,Rectangle,125,49,Acetate,Clear,Rimless
Oval,Geometric,133,49,Acetate,Tortoise,Rimless
Oval,Square,129,54,Plastic,Red,Semi-Rimless
Oval,Geometric,146,38,Acetate,Red,Semi-Rimless
Oval,Geometric,129,55,Plastic,Clear,Full-Rim
Oval,Rectangle,138,48,Metal,Tortoise,Full-Rim
Oval,Square,127,35,Plastic,Tortoise,Rimless
Oval,Rectangle,129,51,Metal,Red,Full-Rim
Oval,Rectangle,124,35,Plastic,Red,Full-Rim
Oval,Rectangle,133,37,Acetate,Red,Rimless
Oval,Square,129,39,Plastic,Gold,Full-Rim
Oval,Rectangle,134,50,Titanium,Gold,Full-Rim
Oval,Geometric,125,47,Acetate,Gold,Full-Rim
Oval,Square,139,37,Acetate,Gold,Full-Rim
Oval,Square,123,52,Titanium,Gold,Semi-Rimless
Oval,Square,122,42,Titanium,Silver,Full-Rim
Oval,Geometric,128,52,Plastic,Silver,Semi-Rimless
Oval,Rectangle,127,39,Metal,Blue,Semi-Rimless
Oval,Rectangle,129,35,Titanium,Clear,Rimless
Oval,Rectangle,141,51,Titanium,Red,Full-Rim
Oval,Square,130,50,Metal,Blue,Full-Rim
Oval,Rectangle,145,51,Titanium,Blue,Full-Rim
Oval,Square,126,50,Titanium,Clear,Full-Rim
Oval,Rectangle,133,48,Metal,Blue,Semi-Rimless
Oval,Geometric,123,42,Plastic,Black,Rimless
Oval,Square,136,37,Metal,Black,Full-Rim
Oval,Geometric,133,43,Titanium,Gold,Rimless
Oval,Geometric,143,52,Titanium,Gold,Semi-Rimless
Oval,Rectangle,143,45,Acetate,Black,Full-Rim
Oval,Square,134,39,Titanium,Gold,Rimless
Oval,Geometric,128,48,Acetate,Gold,Semi-Rimless
Oval,Square,130,50,Titanium,Red,Semi-Rimless
Oval,Rectangle,125,51,Acetate,Blue,Rimless
Oval,Geometric,139,44,Titanium,Silver,Semi-Rimless
Oval,Square,145,38,Metal,Blue,Semi-Rimless
Oval,Square,128,38,Titanium,Gold,Rimless
Oval,Geometric,144,50,Titanium,Clear,Rimless
Oval,Geometric,131,50,Plastic,Clear,Semi-Rimless
Oval,Rectangle,127,51,Acetate,Blue,Rimless
Oval,Rectangle,140,45,Titanium,Silver,Full-Rim
Oval,Square,139,38,Metal,Gold,Semi-Rimless
Oval,Rectangle,125,54,Titanium,Clear,Rimless
Oval,Geometric,133,41,Acetate,Gold,Full-Rim
Oval,Geometric,139,55,Metal,Gold,Rimless
Oval,Geometric,148,40,Metal,Red,Semi-Rimless
Oval,Rectangle,127,55,Acetate,Gold,Semi-Rimless
Oval,Geometric,145,37,Acetate,Silver,Full-Rim
Oval,Rectangle,136,39,Metal,Silver,Full-Rim
Oval,Square,133,36,Plastic,Blue,Rimless
Oval,Rectangle,142,38,Metal,Red,Semi-Rimless
Oval,Geometric,125,46,Titanium,Silver,Rimless
Oval,Rectangle,125,41,Metal,Blue,Full-Rim
Oval,Square,130,45,Metal,Silver,Full-Rim
Oval,Rectangle,135,45,Plastic,Red,Full-Rim
Oval,Rectangle,120,40,Metal,Tortoise,Full-Rim
Oval,Geometric,142,52,Plastic,Black,Semi-Rimless
Oval,Rectangle,130,38,Metal,Black,Full-Rim
Oval,Geometric,142,40,Metal,Blue,Full-Rim
Oval,Square,125,44,Plastic,Silver,Full-Rim
Oval,Rectangle,129,50,Titanium,Blue,Rimless
Oval,Geometric,145,47,Acetate,Red,Rimless
Oval,Square,124,35,Plastic,Tortoise,Semi-Rimless
Oval,Square,125,39,Metal,Tortoise,Full-Rim
Oval,Square,128,47,Metal,Silver,Semi-Rimless
Oval,Square,128,36,Titanium,Red,Full-Rim
Oval,Geometric,141,47,Acetate,Gold,Semi-Rimless
Oval,Square,139,51,Titanium,Black,Semi-Rimless
Oval,Square,134,52,Titanium,Gold,Rimless
Oval,Geometric,135,43,Plastic,Silver,Semi-Rimless
Heart,Oval,139,35,Metal,Blue,Semi-Rimless
Heart,Oval,125,49,Acetate,Clear,Rimless
Heart,Oval,140,50,Acetate,Silver,Semi-Rimless
Heart,Round,149,53,Plastic,Red,Semi-Rimless
Heart,Oval,129,35,Acetate,Clear,Semi-Rimless
Heart,Cat-Eye,126,54,Titanium,Silver,Semi-Rimless
Heart,Oval,128,51,Titanium,Blue,Rimless
Heart,Round,133,47,Titanium,Red,Full-Rim
Heart,Oval,135,37,Plastic,Tortoise,Semi-Rimless
Heart,Cat-Eye,150,52,Acetate,Gold,Semi-Rimless
Heart,Round,132,37,Metal,Red,Semi-Rimless
Heart,Cat-Eye,131,45,Metal,Clear,Semi-Rimless
Heart,Round,143,35,Metal,Tortoise,Semi-Rimless
Heart,Oval,131,54,Metal,Blue,Semi-Rimless
Heart,Cat-Eye,139,42,Titanium,Red,Semi-Rimless
Heart,Round,122,39,Acetate,Blue,Full-Rim
Heart,Cat-Eye,146,44,Plastic,Silver,Semi-Rimless
Heart,Cat-Eye,134,45,Plastic,Red,Semi-Rimless
Heart,Round,147,42,Titanium,Black,Rimless
Heart,Round,124,44,Acetate,Red,Semi-Rimless
Heart,Cat-Eye,127,47,Plastic,Tortoise,Rimless
Heart,Round,139,39,Plastic,Blue,Full-Rim
Heart,Oval,131,42,Metal,Clear,Rimless
Heart,Round,129,37,Acetate,Blue,Full-Rim
Heart,Cat-Eye,139,44,Plastic,Red,Full-Rim
Heart,Oval,135,39,Titanium,Black,Full-Rim
Heart,Round,126,52,Acetate,Red,Rimless
Heart,Oval,148,37,Acetate,Blue,Full-Rim
Heart,Round,143,39,Acetate,Red,Rimless
Heart,Round,128,51,Acetate,Black,Semi-Rimless
Heart,Oval,139,41,Acetate,Black,Rimless
Heart,Oval,142,46,Acetate,Gold,Rimless
Heart,Round,120,37,Acetate,Red,Semi-Rimless
Heart,Round,149,53,Acetate,Silver,Full-Rim
Heart,Oval,129,45,Titanium,Silver,Rimless
Heart,Round,142,52,Titanium,Tortoise,Full-Rim
Heart,Round,144,45,Acetate,Clear,Rimless
Heart,Round,126,42,Titanium,Red,Full-Rim
Heart,Round,136,36,Titanium,Blue,Rimless
Heart,Cat-Eye,129,55,Titanium,Black,Rimless
Heart,Cat-Eye,148,37,Metal,Red,Semi-Rimless
Heart,Cat-Eye,140,52,Metal,Blue,Semi-Rimless
Heart,Round,145,54,Metal,Black,Semi-Rimless
Heart,Oval,146,41,Plastic,Red,Full-Rim
Heart,Round,123,47,Plastic,Black,Semi-Rimless
Heart,Oval,147,41,Titanium,Silver,Semi-Rimless
Heart,Cat-Eye,139,44,Metal,Tortoise,Rimless
Heart,Oval,140,46,Acetate,Red,Rimless
Heart,Cat-Eye,144,41,Plastic,Red,Semi-Rimless
Heart,Cat-Eye,136,39,Titanium,Gold,Rimless
Heart,Cat-Eye,134,50,Titanium,Clear,Rimless
Heart,Oval,120,54,Plastic,Blue,Full-Rim
Heart,Oval,132,41,Plastic,Gold,Semi-Rimless
Heart,Cat-Eye,140,43,Titanium,Blue,Rimless
Heart,Round,124,45,Plastic,Gold,Semi-Rimless
Heart,Cat-Eye,127,36,Titanium,Black,Full-Rim
Heart,Cat-Eye,122,40,Metal,Gold,Rimless
Heart,Round,130,49,Plastic,Black,Full-Rim
Heart,Oval,126,51,Plastic,Tortoise,Semi-Rimless
Heart,Oval,122,50,Plastic,Clear,Semi-Rimless
Heart,Cat-Eye,123,37,Metal,Black,Full-Rim
Heart,Round,133,38,Titanium,Blue,Semi-Rimless
Heart,Cat-Eye,137,35,Plastic,Black,Semi-Rimless
Heart,Cat-Eye,148,37,Acetate,Blue,Full-Rim
Heart,Oval,146,37,Plastic,Tortoise,Semi-Rimless
Heart,Oval,134,37,Metal,Gold,Rimless
Heart,Oval,135,47,Plastic,Tortoise,Full-Rim
Heart,Oval,121,49,Acetate,Silver,Rimless
Heart,Oval,140,35,Acetate,Blue,Semi-Rimless
Heart,Oval,136,42,Plastic,Gold,Full-Rim
Heart,Round,139,49,Plastic,Gold,Rimless
Heart,Cat-Eye,138,36,Titanium,Clear,Semi-Rimless
Heart,Oval,131,49,Acetate,Gold,Rimless
Heart,Cat-Eye,132,42,Plastic,Red,Full-Rim
Heart,Oval,137,49,Titanium,Clear,Rimless
Heart,Oval,138,41,Titanium,Blue,Rimless
Heart,Oval,126,36,Metal,Red,Semi-Rimless
Heart,Round,127,42,Plastic,Blue,Semi-Rimless
Heart,Oval,126,47,Metal,Blue,Full-Rim
Heart,Oval,124,52,Metal,Red,Full-Rim
Heart,Round,131,53,Titanium,Clear,Semi-Rimless
Heart,Round,146,45,Titanium,Red,Rimless
Heart,Round,137,40,Acetate,Blue,Semi-Rimless
Heart,Cat-Eye,120,54,Acetate,Black,Semi-Rimless
Heart,Cat-Eye,136,40,Plastic,Black,Full-Rim
Heart,Round,133,51,Acetate,Tortoise,Rimless
Heart,Oval,120,49,Titanium,Silver,Semi-Rimless
Heart,Oval,121,38,Plastic,Clear,Full-Rim
Heart,Oval,133,43,Acetate,Gold,Full-Rim
Heart,Round,138,46,Acetate,Red,Full-Rim
Heart,Cat-Eye,127,38,Acetate,Blue,Rimless
Heart,Oval,126,46,Plastic,Clear,Rimless
Heart,Round,128,37,Metal,Red,Full-Rim
Heart,Oval,143,52,Acetate,Silver,Semi-Rimless
Heart,Oval,148,51,Acetate,Red,Semi-Rimless
Heart,Cat-Eye,139,43,Titanium,Red,Rimless
Heart,Cat-Eye,130,35,Titanium,Tortoise,Full-Rim
Heart,Oval,147,45,Metal,Black,Full-Rim
Heart,Cat-Eye,149,37,Titanium,Clear,Rimless
Heart,Round,129,36,Acetate,Blue,Rimless
Heart,Oval,147,40,Metal,Gold,Full-Rim
Heart,Oval,133,51,Titanium,Silver,Full-Rim
Heart,Oval,135,37,Plastic,Silver,Rimless
Heart,Oval,123,43,Acetate,Blue,Full-Rim
Heart,Round,121,45,Acetate,Tortoise,Semi-Rimless
Heart,Round,122,52,Plastic,Clear,Rimless
Heart,Round,140,36,Metal,Tortoise,Rimless
Heart,Round,138,47,Plastic,Red,Rimless
Heart,Cat-Eye,138,36,Plastic,Clear,Full-Rim
Heart,Oval,147,35,Titanium,Tortoise,Rimless
Heart,Oval,141,39,Plastic,Clear,Semi-Rimless
Heart,Cat-Eye,149,43,Metal,Red,Full-Rim
Heart,Cat-Eye,139,51,Plastic,Red,Semi-Rimless
Heart,Cat-Eye,138,50,Plastic,Red,Semi-Rimless
Heart,Cat-Eye,142,38,Metal,Red,Semi-Rimless
Heart,Cat-Eye,144,48,Titanium,Tortoise,Full-Rim
Heart,Oval,150,35,Metal,Tortoise,Rimless
Heart,Cat-Eye,149,39,Plastic,Blue,Rimless
Heart,Round,125,40,Acetate,Blue,Full-Rim
Heart,Round,129,38,Acetate,Clear,Semi-Rimless
Heart,Oval,149,44,Metal,Black,Full-Rim
Heart,Oval,123,37,Metal,Red,Rimless
Heart,Round,148,48,Metal,Blue,Rimless
Heart,Round,148,35,Metal,Gold,Full-Rim
Heart,Oval,135,40,Metal,Clear,Full-Rim
Heart,Oval,137,43,Metal,Tortoise,Semi-Rimless
Heart,Round,123,50,Titanium,Black,Rimless
Heart,Round,132,35,Metal,Red,Rimless
Heart,Oval,142,50,Metal,Red,Rimless
Heart,Round,148,35,Plastic,Blue,Semi-Rimless
Heart,Oval,121,43,Acetate,Tortoise,Semi-Rimless
Heart,Round,125,44,Plastic,Black,Semi-Rimless
Heart,Cat-Eye,135,48,Titanium,Clear,Semi-Rimless
Heart,Oval,122,37,Plastic,Clear,Full-Rim
Heart,Oval,142,52,Plastic,Blue,Semi-Rimless
Heart,Oval,142,44,Metal,Silver,Semi-Rimless
Heart,Round,122,41,Titanium,Clear,Full-Rim
Heart,Round,126,53,Titanium,Red,Rimless
Heart,Cat-Eye,120,42,Titanium,Black,Semi-Rimless
Heart,Oval,145,36,Plastic,Blue,Semi-Rimless
Heart,Oval,134,40,Metal,Black,Full-Rim
Heart,Round,132,36,Acetate,Silver,Full-Rim
Heart,Cat-Eye,132,50,Metal,Clear,Rimless
Heart,Oval,135,44,Titanium,Black,Rimless
Heart,Round,140,46,Titanium,Silver,Semi-Rimless
Heart,Oval,150,54,Plastic,Gold,Semi-Rimless
Heart,Cat-Eye,125,45,Titanium,Red,Semi-Rimless
Heart,Oval,122,50,Titanium,Silver,Semi-Rimless
Heart,Oval,142,55,Acetate,Black,Rimless
Heart,Cat-Eye,134,49,Plastic,Blue,Semi-Rimless
Heart,Round,141,53,Acetate,Silver,Rimless
Heart,Round,139,53,Metal,Silver,Rimless
Heart,Cat-Eye,134,47,Plastic,Blue,Rimless
Heart,Round,121,45,Titanium,Clear,Semi-Rimless
Heart,Cat-Eye,133,45,Plastic,Silver,Semi-Rimless
Heart,Oval,146,49,Titanium,Blue,Rimless
Heart,Cat-Eye,127,48,Titanium,Gold,Full-Rim
Heart,Cat-Eye,135,53,Metal,Clear,Rimless
Heart,Cat-Eye,137,43,Acetate,Black,Semi-Rimless
Heart,Oval,133,51,Plastic,Red,Semi-Rimless
Heart,Cat-Eye,120,35,Titanium,Silver,Rimless
Heart,Round,125,49,Metal,Clear,Rimless
Heart,Cat-Eye,132,39,Acetate,Clear,Full-Rim
Heart,Cat-Eye,124,43,Titanium,Gold,Full-Rim
Heart,Cat-Eye,122,46,Metal,Gold,Semi-Rimless
Heart,Oval,142,53,Plastic,Tortoise,Rimless
Heart,Oval,137,48,Metal,Black,Rimless
Heart,Cat-Eye,144,38,Acetate,Clear,Semi-Rimless
Heart,Round,121,53,Titanium,Blue,Full-Rim
Heart,Oval,143,39,Titanium,Silver,Rimless
Heart,Oval,134,43,Plastic,Gold,Full-Rim
Heart,Round,120,45,Titanium,Tortoise,Rimless
Heart,Oval,124,45,Plastic,Tortoise,Rimless
Heart,Cat-Eye,120,41,Titanium,Tortoise,Semi-Rimless
Heart,Cat-Eye,138,50,Acetate,Gold,Semi-Rimless
Heart,Round,147,41,Plastic,Gold,Rimless
Heart,Round,133,42,Titanium,Tortoise,Semi-Rimless
Heart,Oval,121,37,Metal,Tortoise,Semi-Rimless
Heart,Oval,129,44,Metal,Tortoise,Full-Rim
Heart,Oval,145,41,Metal,Silver,Rimless
Heart,Round,134,54,Metal,Gold,Full-Rim
Heart,Cat-Eye,147,55,Acetate,Silver,Semi-Rimless
Heart,Round,133,44,Acetate,Tortoise,Rimless
Heart,Oval,123,51,Acetate,Silver,Rimless
Heart,Round,146,55,Metal,Black,Rimless
Heart,Oval,149,43,Acetate,Black,Full-Rim
Heart,Cat-Eye,133,36,Plastic,Clear,Rimless
Heart,Oval,150,46,Metal,Clear,Rimless
Heart,Oval,142,50,Titanium,Silver,Semi-Rimless
Heart,Cat-Eye,149,44,Plastic,Blue,Rimless
Heart,Round,137,38,Metal,Blue,Full-Rim
Heart,Round,140,51,Titanium,Clear,Rimless
Heart,Oval,121,51,Titanium,Blue,Semi-Rimless
Heart,Round,145,52,Acetate,Gold,Full-Rim
Heart,Round,140,38,Titanium,Red,Rimless
Heart,Oval,139,47,Metal,Black,Rimless
Heart,Round,139,52,Titanium,Blue,Semi-Rimless
Heart,Round,134,37,Metal,Silver,Semi-Rimless
Heart,Round,148,49,Titanium,Blue,Semi-Rimless
Heart,Oval,123,40,Metal,Clear,Semi-Rimless
Oblong,Wayfarer,125,53,Metal,Clear,Semi-Rimless
Oblong,Tall Frames,148,53,Titanium,Clear,Full-Rim
Oblong,Oversized,131,38,Plastic,Silver,Semi-Rimless
Oblong,Wayfarer,122,44,Plastic,Tortoise,Rimless
Oblong,Wayfarer,120,51,Metal,Gold,Full-Rim
Oblong,Tall Frames,136,51,Titanium,Red,Rimless
Oblong,Oversized,150,52,Metal,Gold,Semi-Rimless
Oblong,Wayfarer,143,49,Acetate,Blue,Rimless
Oblong,Wayfarer,148,36,Titanium,Black,Rimless
Oblong,Wayfarer,131,37,Acetate,Tortoise,Rimless
Oblong,Wayfarer,139,49,Plastic,Silver,Semi-Rimless
Oblong,Oversized,148,37,Titanium,Tortoise,Rimless
Oblong,Wayfarer,125,36,Acetate,Blue,Full-Rim
Oblong,Wayfarer,142,46,Plastic,Silver,Semi-Rimless
Oblong,Oversized,139,50,Plastic,Clear,Rimless
Oblong,Wayfarer,141,45,Acetate,Gold,Full-Rim
Oblong,Wayfarer,149,47,Plastic,Silver,Rimless
Oblong,Tall Frames,121,41,Titanium,Clear,Full-Rim
Oblong,Oversized,134,53,Titanium,Clear,Rimless
Oblong,Wayfarer,120,43,Acetate,Tortoise,Rimless
Oblong,Oversized,133,41,Metal,Clear,Rimless
Oblong,Tall Frames,146,35,Metal,Clear,Rimless
Oblong,Tall Frames,129,41,Plastic,Black,Full-Rim
Oblong,Tall Frames,138,49,Acetate,Red,Rimless
Oblong,Oversized,120,51,Acetate,Blue,Full-Rim
Oblong,Tall Frames,134,42,Plastic,Clear,Full-Rim
Oblong,Tall Frames,122,38,Titanium,Clear,Full-Rim
Oblong,Oversized,138,38,Titanium,Tortoise,Semi-Rimless
Oblong,Wayfarer,132,39,Plastic,Blue,Rimless
Oblong,Oversized,130,44,Titanium,Silver,Full-Rim
Oblong,Tall Frames,147,46,Titanium,Silver,Rimless
Oblong,Oversized,129,55,Metal,Black,Rimless
Oblong,Oversized,128,52,Acetate,Clear,Full-Rim
Oblong,Tall Frames,122,52,Metal,Gold,Rimless
Oblong,Oversized,146,35,Metal,Red,Semi-Rimless
Oblong,Tall Frames,133,46,Acetate,Gold,Rimless
Oblong,Wayfarer,135,41,Metal,Black,Full-Rim
Oblong,Wayfarer,150,55,Metal,Tortoise,Full-Rim
Oblong,Wayfarer,120,43,Acetate,Black,Full-Rim
Oblong,Oversized,124,49,Titanium,Clear,Rimless
Oblong,Oversized,127,39,Titanium,Red,Full-Rim
Oblong,Tall Frames,125,48,Metal,Red,Semi-Rimless
Oblong,Tall Frames,136,39,Plastic,Clear,Full-Rim
Oblong,Oversized,150,44,Plastic,Blue,Full-Rim
Oblong,Tall Frames,137,42,Acetate,Gold,Semi-Rimless
Oblong,Oversized,127,53,Metal,Tortoise,Rimless
Oblong,Wayfarer,149,42,Titanium,Tortoise,Rimless
Oblong,Tall Frames,133,48,Plastic,Black,Semi-Rimless
Oblong,Wayfarer,123,45,Titanium,Tortoise,Semi-Rimless
Oblong,Wayfarer,129,42,Acetate,Black,Rimless
Oblong,Tall Frames,147,46,Metal,Tortoise,Rimless
Oblong,Tall Frames,123,45,Metal,Black,Semi-Rimless
Oblong,Tall Frames,123,35,Acetate,Gold,Semi-Rimless
Oblong,Tall Frames,130,42,Metal,Black,Full-Rim
Oblong,Oversized,139,38,Plastic,Clear,Full-Rim
Oblong,Oversized,136,41,Titanium,Gold,Semi-Rimless
Oblong,Wayfarer,127,40,Titanium,Red,Rimless
Oblong,Oversized,145,44,Acetate,Black,Semi-Rimless
Oblong,Wayfarer,130,36,Plastic,Clear,Semi-Rimless
Oblong,Wayfarer,131,53,Acetate,Tortoise,Full-Rim
Oblong,Oversized,147,45,Titanium,Red,Full-Rim
Oblong,Wayfarer,123,54,Acetate,Blue,Semi-Rimless
Oblong,Wayfarer,120,41,Metal,Silver,Rimless
Oblong,Oversized,124,41,Titanium,Silver,Rimless
Oblong,Oversized,147,43,Titanium,Black,Rimless
Oblong,Tall Frames,140,50,Titanium,Gold,Full-Rim
Oblong,Wayfarer,133,47,Titanium,Gold,Semi-Rimless
Oblong,Tall Frames,136,53,Metal,Silver,Rimless
Oblong,Tall Frames,138,41,Plastic,Gold,Full-Rim
Oblong,Wayfarer,127,41,Acetate,Black,Full-Rim
Oblong,Wayfarer,126,48,Plastic,Tortoise,Full-Rim
Oblong,Tall Frames,137,44,Titanium,Red,Semi-Rimless
Oblong,Oversized,150,35,Metal,Gold,Rimless
Oblong,Oversized,148,55,Plastic,Silver,Full-Rim
Oblong,Tall Frames,137,40,Titanium,Blue,Full-Rim
Oblong,Wayfarer,130,51,Plastic,Clear,Full-Rim
Oblong,Tall Frames,127,39,Titanium,Red,Semi-Rimless
Oblong,Oversized,130,48,Titanium,Red,Rimless
Oblong,Wayfarer,147,45,Plastic,Black,Semi-Rimless
Oblong,Wayfarer,120,43,Plastic,Black,Semi-Rimless
Oblong,Wayfarer,138,45,Titanium,Tortoise,Full-Rim
Oblong,Tall Frames,128,42,Metal,Blue,Full-Rim
Oblong,Tall Frames,150,55,Plastic,Black,Semi-Rimless
Oblong,Oversized,150,46,Metal,Black,Semi-Rimless
Oblong,Oversized,134,42,Acetate,Clear,Semi-Rimless
Oblong,Oversized,124,47,Acetate,Black,Semi-Rimless
Oblong,Tall Frames,131,49,Acetate,Silver,Semi-Rimless
Oblong,Oversized,136,42,Acetate,Black,Full-Rim
Oblong,Oversized,137,42,Plastic,Silver,Semi-Rimless
Oblong,Wayfarer,131,38,Titanium,Silver,Rimless
Oblong,Wayfarer,135,35,Acetate,Gold,Full-Rim
Oblong,Wayfarer,125,40,Metal,Gold,Semi-Rimless
Oblong,Oversized,134,44,Metal,Black,Full-Rim
Oblong,Oversized,142,52,Acetate,Blue,Rimless
Oblong,Tall Frames,120,52,Acetate,Silver,Semi-Rimless
Oblong,Oversized,133,48,Metal,Tortoise,Full-Rim
Oblong,Tall Frames,143,47,Plastic,Blue,Full-Rim
Oblong,Oversized,138,45,Metal,Tortoise,Rimless
Oblong,Wayfarer,129,38,Acetate,Black,Full-Rim
Oblong,Wayfarer,136,55,Metal,Gold,Semi-Rimless
Oblong,Wayfarer,143,48,Plastic,Red,Full-Rim
Oblong,Tall Frames,130,44,Acetate,Red,Semi-Rimless
Oblong,Tall Frames,135,42,Acetate,Red,Semi-Rimless
Oblong,Oversized,135,48,Acetate,Silver,Full-Rim
Oblong,Oversized,136,42,Metal,Red,Rimless
Oblong,Oversized,139,42,Metal,Blue,Full-Rim
Oblong,Tall Frames,131,36,Acetate,Tortoise,Semi-Rimless
Oblong,Tall Frames,120,48,Acetate,Gold,Semi-Rimless
Oblong,Oversized,120,55,Acetate,Blue,Semi-Rimless
Oblong,Tall Frames,123,39,Plastic,Black,Full-Rim
Oblong,Tall Frames,138,55,Acetate,Tortoise,Rimless
Oblong,Wayfarer,139,41,Acetate,Red,Full-Rim
Oblong,Oversized,122,35,Titanium,Silver,Full-Rim
Oblong,Oversized,142,47,Titanium,Red,Full-Rim
Oblong,Oversized,130,46,Plastic,Blue,Rimless
Oblong,Wayfarer,141,47,Metal,Black,Rimless
Oblong,Wayfarer,135,35,Metal,Blue,Rimless
Oblong,Wayfarer,147,55,Acetate,Clear,Rimless
Oblong,Wayfarer,127,41,Titanium,Tortoise,Full-Rim
Oblong,Wayfarer,139,41,Plastic,Black,Full-Rim
Oblong,Oversized,143,38,Acetate,Tortoise,Full-Rim
Oblong,Wayfarer,148,51,Plastic,Blue,Rimless
Oblong,Tall Frames,133,42,Titanium,Gold,Rimless
Oblong,Oversized,120,43,Acetate,Red,Semi-Rimless
Oblong,Oversized,149,46,Titanium,Gold,Full-Rim
Oblong,Wayfarer,132,43,Metal,Clear,Rimless
Oblong,Wayfarer,146,41,Titanium,Blue,Full-Rim
Oblong,Oversized,136,45,Acetate,Black,Semi-Rimless
Oblong,Wayfarer,130,49,Titanium,Blue,Rimless
Oblong,Wayfarer,139,49,Metal,Red,Semi-Rimless
Oblong,Wayfarer,124,35,Acetate,Red,Full-Rim
Oblong,Tall Frames,121,46,Titanium,Clear,Semi-Rimless
Oblong,Wayfarer,150,45,Acetate,Clear,Rimless
Oblong,Tall Frames,139,50,Metal,Blue,Rimless
Oblong,Oversized,138,54,Acetate,Black,Semi-Rimless
Oblong,Tall Frames,129,46,Titanium,Blue,Semi-Rimless
Oblong,Wayfarer,148,44,Acetate,Tortoise,Semi-Rimless
Oblong,Wayfarer,139,35,Plastic,Blue,Full-Rim
Oblong,Wayfarer,124,41,Titanium,Red,Full-Rim
Oblong,Tall Frames,121,41,Titanium,Black,Semi-Rimless
Oblong,Oversized,140,42,Acetate,Blue,Semi-Rimless
Oblong,Oversized,126,37,Titanium,Gold,Semi-Rimless
Oblong,Tall Frames,129,39,Titanium,Blue,Semi-Rimless
Oblong,Oversized,127,40,Metal,Clear,Rimless
Oblong,Wayfarer,145,38,Plastic,Red,Rimless
Oblong,Oversized,142,39,Titanium,Silver,Semi-Rimless
Oblong,Tall Frames,125,35,Acetate,Gold,Rimless
Oblong,Oversized,146,53,Metal,Blue,Semi-Rimless
Oblong,Oversized,125,41,Metal,Red,Full-Rim
Oblong,Oversized,150,35,Titanium,Red,Semi-Rimless
Oblong,Oversized,133,45,Acetate,Tortoise,Full-Rim
Oblong,Tall Frames,120,40,Titanium,Blue,Full-Rim
Oblong,Wayfarer,128,49,Titanium,Gold,Rimless
Oblong,Oversized,129,37,Metal,Clear,Rimless
Oblong,Tall Frames,146,52,Acetate,Clear,Rimless
Oblong,Wayfarer,138,49,Acetate,Black,Rimless
Oblong,Tall Frames,133,54,Acetate,Silver,Semi-Rimless
Oblong,Wayfarer,126,46,Plastic,Red,Rimless
Oblong,Oversized,142,48,Titanium,Silver,Full-Rim
Oblong,Tall Frames,136,36,Metal,Blue,Rimless
Oblong,Tall Frames,146,37,Acetate,Clear,Full-Rim
Oblong,Oversized,140,40,Plastic,Clear,Rimless
Oblong,Oversized,130,52,Titanium,Clear,Rimless
Oblong,Oversized,144,35,Plastic,Red,Semi-Rimless
Oblong,Oversized,143,48,Metal,Black,Rimless
Oblong,Oversized,121,37,Plastic,Blue,Semi-Rimless
Oblong,Tall Frames,125,39,Metal,Silver,Semi-Rimless
Oblong,Tall Frames,145,40,Plastic,Gold,Rimless
Oblong,Oversized,144,39,Metal,Gold,Semi-Rimless
Oblong,Wayfarer,148,43,Plastic,Blue,Semi-Rimless
Oblong,Wayfarer,150,35,Acetate,Gold,Rimless
Oblong,Wayfarer,142,35,Metal,Red,Full-Rim
Oblong,Tall Frames,123,50,Plastic,Clear,Full-Rim
Oblong,Wayfarer,137,36,Titanium,Red,Full-Rim
Oblong,Oversized,135,46,Plastic,Red,Rimless
Oblong,Tall Frames,123,36,Titanium,Red,Rimless
Oblong,Wayfarer,131,47,Metal,Clear,Full-Rim
Oblong,Wayfarer,142,50,Metal,Blue,Rimless
Oblong,Tall Frames,148,41,Titanium,Black,Full-Rim
Oblong,Wayfarer,148,53,Plastic,Gold,Full-Rim
Oblong,Oversized,125,43,Acetate,Gold,Full-Rim
Oblong,Oversized,142,37,Metal,Silver,Full-Rim
Oblong,Oversized,130,51,Metal,Black,Semi-Rimless
Oblong,Wayfarer,140,42,Metal,Gold,Rimless
Oblong,Tall Frames,135,38,Metal,Gold,Full-Rim
Oblong,Tall Frames,143,52,Acetate,Tortoise,Semi-Rimless
Oblong,Wayfarer,125,44,Metal,Gold,Semi-Rimless
Oblong,Oversized,142,47,Titanium,Tortoise,Semi-Rimless
Oblong,Tall Frames,146,39,Metal,Tortoise,Semi-Rimless
Oblong,Oversized,121,39,Plastic,Tortoise,Full-Rim
Oblong,Oversized,128,37,Titanium,Tortoise,Rimless
Oblong,Oversized,125,46,Metal,Gold,Full-Rim
Oblong,Wayfarer,148,46,Metal,Gold,Full-Rim
Oblong,Wayfarer,139,55,Metal,Clear,Semi-Rimless
Oblong,Tall Frames,136,52,Metal,Silver,Rimless
Oblong,Tall Frames,150,41,Acetate,Gold,Semi-Rimless
Oblong,Wayfarer,123,39,Acetate,Red,Rimless
Oblong,Oversized,141,53,Plastic,Clear,Rimless
Oblong,Tall Frames,140,37,Plastic,Red,Full-Rim
Oblong,Oversized,147,42,Acetate,Black,Semi-Rimless
Square,Browline,146,49,Metal,Tortoise,Semi-Rimless
Square,Oval,126,50,Titanium,Silver,Rimless
Square,Round,131,47,Titanium,Gold,Semi-Rimless
Square,Browline,144,35,Titanium,Silver,Semi-Rimless
Square,Round,128,36,Titanium,Clear,Full-Rim
Square,Browline,128,42,Titanium,Black,Full-Rim
Square,Oval,141,52,Titanium,Tortoise,Full-Rim
Square,Round,126,53,Titanium,Gold,Rimless
Square,Oval,148,55,Titanium,Clear,Semi-Rimless
Square,Round,124,55,Metal,Silver,Full-Rim
Square,Round,144,36,Titanium,Black,Full-Rim
Square,Oval,120,39,Plastic,Blue,Semi-Rimless
Square,Round,133,46,Plastic,Gold,Semi-Rimless
Square,Round,148,40,Acetate,Silver,Semi-Rimless
Square,Round,135,39,Plastic,Red,Full-Rim
Square,Browline,123,45,Acetate,Blue,Full-Rim
Square,Round,148,49,Plastic,Silver,Full-Rim
Square,Round,149,49,Titanium,Red,Rimless
Square,Browline,124,36,Plastic,Gold,Rimless
Square,Browline,138,36,Plastic,Clear,Semi-Rimless
Square,Browline,136,51,Acetate,Tortoise,Full-Rim
Square,Oval,137,46,Metal,Red,Semi-Rimless
Square,Browline,133,42,Plastic,Black,Rimless
Square,Oval,142,38,Titanium,Clear,Semi-Rimless
Square,Oval,131,35,Titanium,Black,Rimless
Square,Round,122,36,Titanium,Gold,Full-Rim
Square,Browline,142,38,Plastic,Silver,Semi-Rimless
Square,Browline,128,36,Acetate,Blue,Full-Rim
Square,Round,144,44,Acetate,Silver,Semi-Rimless
Square,Browline,149,43,Acetate,Gold,Rimless
Square,Oval,128,49,Acetate,Clear,Full-Rim
Square,Round,134,53,Plastic,Clear,Full-Rim
Square,Browline,143,40,Acetate,Blue,Semi-Rimless
Square,Round,134,46,Plastic,Silver,Full-Rim
Square,Browline,128,42,Metal,Red,Full-Rim
Square,Browline,125,46,Acetate,Red,Full-Rim
Square,Oval,135,55,Plastic,Tortoise,Full-Rim
Square,Round,148,53,Acetate,Blue,Full-Rim
Square,Round,142,39,Titanium,Clear,Semi-Rimless
Square,Round,134,38,Titanium,Clear,Rimless
Square,Browline,146,52,Acetate,Gold,Rimless
Square,Browline,131,55,Metal,Blue,Semi-Rimless
Square,Round,146,46,Titanium,Black,Rimless
Square,Browline,133,46,Plastic,Gold,Full-Rim
Square,Browline,121,53,Plastic,Red,Full-Rim
Square,Oval,136,47,Metal,Blue,Full-Rim
Square,Round,138,40,Acetate,Black,Semi-Rimless
Square,Browline,139,51,Plastic,Tortoise,Full-Rim
Square,Oval,143,39,Plastic,Tortoise,Full-Rim
Square,Round,137,36,Titanium,Tortoise,Rimless
Square,Round,131,39,Metal,Gold,Rimless
Square,Round,144,39,Plastic,Clear,Rimless
Square,Oval,150,39,Metal,Red,Full-Rim
Square,Browline,135,54,Titanium,Silver,Full-Rim
Square,Browline,129,46,Metal,Gold,Full-Rim
Square,Browline,148,52,Acetate,Black,Rimless
Square,Browline,130,44,Plastic,Tortoise,Full-Rim
Square,Browline,135,43,Metal,Tortoise,Full-Rim
Square,Oval,144,55,Metal,Gold,Full-Rim
Square,Round,145,37,Plastic,Red,Semi-Rimless
Square,Browline,135,53,Acetate,Silver,Semi-Rimless
Square,Browline,147,40,Metal,Red,Full-Rim
Square,Browline,138,37,Plastic,Red,Rimless
Square,Browline,125,48,Acetate,Gold,Full-Rim
Square,Oval,135,44,Metal,Blue,Rimless
Square,Oval,128,47,Plastic,Blue,Full-Rim
Square,Round,122,36,Acetate,Black,Full-Rim
Square,Round,144,40,Titanium,Blue,Full-Rim
Square,Oval,138,37,Acetate,Gold,Semi-Rimless
Square,Round,131,46,Plastic,Red,Full-Rim
Square,Round,121,35,Plastic,Clear,Rimless
Square,Oval,137,47,Plastic,Red,Rimless
Square,Oval,149,52,Titanium,Silver,Full-Rim
Square,Round,131,53,Plastic,Black,Full-Rim
Square,Browline,132,37,Titanium,Red,Semi-Rimless
Square,Oval,123,54,Plastic,Red,Full-Rim
Square,Round,131,52,Metal,Silver,Full-Rim
Square,Browline,141,47,Acetate,Blue,Semi-Rimless
Square,Oval,143,54,Plastic,Blue,Rimless
Square,Browline,133,42,Metal,Blue,Semi-Rimless
Square,Browline,145,55,Acetate,Red,Full-Rim
Square,Browline,121,40,Metal,Tortoise,Semi-Rimless
Square,Round,147,44,Plastic,Clear,Rimless
Square,Oval,124,35,Acetate,Blue,Rimless
Square,Browline,124,45,Metal,Silver,Semi-Rimless
Square,Oval,129,54,Metal,Tortoise,Full-Rim
Square,Round,138,39,Titanium,Red,Full-Rim
Square,Round,120,55,Titanium,Gold,Semi-Rimless
Square,Round,137,45,Plastic,Tortoise,Full-Rim
Square,Round,144,39,Metal,Gold,Full-Rim
Square,Round,128,55,Plastic,Tortoise,Semi-Rimless
Square,Round,135,37,Metal,Blue,Full-Rim
Square,Round,129,52,Plastic,Gold,Semi-Rimless
Square,Round,144,36,Plastic,Blue,Full-Rim
Square,Oval,122,45,Metal,Red,Rimless
Square,Oval,145,42,Metal,Clear,Full-Rim
Square,Browline,128,39,Titanium,Silver,Semi-Rimless
Square,Browline,128,53,Plastic,Red,Rimless
Square,Oval,148,44,Plastic,Gold,Full-Rim
Square,Browline,138,40,Plastic,Gold,Rimless
Square,Round,130,51,Titanium,Black,Rimless
Square,Browline,148,51,Metal,Blue,Full-Rim
Square,Round,134,50,Plastic,Blue,Semi-Rimless
Square,Round,134,41,Acetate,Red,Full-Rim
Square,Round,133,46,Plastic,Red,Full-Rim
Square,Oval,137,47,Acetate,Red,Full-Rim
Square,Oval,145,52,Plastic,Black,Rimless
Square,Browline,132,39,Plastic,Red,Rimless
Square,Round,122,38,Plastic,Silver,Full-Rim
Square,Round,148,37,Plastic,Tortoise,Semi-Rimless
Square,Oval,120,44,Acetate,Blue,Full-Rim
Square,Browline,149,51,Acetate,Clear,Full-Rim
Square,Oval,128,53,Acetate,Blue,Full-Rim
Square,Browline,133,39,Acetate,Red,Semi-Rimless
Square,Round,127,42,Titanium,Red,Semi-Rimless
Square,Oval,140,47,Titanium,Tortoise,Rimless
Square,Browline,143,47,Acetate,Silver,Full-Rim
Square,Oval,123,50,Titanium,Clear,Rimless
Square,Oval,134,43,Acetate,Blue,Semi-Rimless
Square,Oval,121,41,Acetate,Blue,Rimless
Square,Round,122,44,Plastic,Blue,Semi-Rimless
Square,Oval,130,41,Acetate,Gold,Semi-Rimless
Square,Browline,143,36,Acetate,Red,Semi-Rimless
Square,Oval,132,54,Metal,Tortoise,Semi-Rimless
Square,Browline,131,54,Metal,Clear,Rimless
Square,Round,141,54,Acetate,Red,Full-Rim
Square,Round,131,37,Acetate,Gold,Semi-Rimless
Square,Oval,128,42,Acetate,Tortoise,Rimless
Square,Browline,136,37,Metal,Black,Rimless
Square,Round,132,38,Acetate,Gold,Full-Rim
Square,Round,143,44,Metal,Gold,Rimless
Square,Round,133,43,Metal,Red,Rimless
Square,Browline,120,42,Metal,Clear,Rimless
Square,Round,147,54,Acetate,Tortoise,Full-Rim
Square,Round,140,51,Metal,Red,Full-Rim
Square,Oval,125,45,Titanium,Silver,Semi-Rimless
Square,Round,135,37,Metal,Silver,Semi-Rimless
Square,Oval,142,37,Plastic,Clear,Rimless
Square,Round,128,38,Acetate,Red,Semi-Rimless
Square,Oval,134,51,Titanium,Black,Rimless
Square,Round,125,49,Metal,Red,Full-Rim
Square,Oval,140,44,Titanium,Clear,Rimless
Square,Oval,147,36,Acetate,Tortoise,Full-Rim
Square,Round,147,54,Acetate,Gold,Semi-Rimless
Square,Oval,122,38,Acetate,Red,Rimless
Square,Round,150,40,Titanium,Tortoise,Rimless
Square,Round,120,48,Metal,Blue,Rimless
Square,Browline,150,41,Plastic,Gold,Rimless
Square,Oval,145,49,Metal,Silver,Rimless
Square,Browline,146,46,Titanium,Red,Rimless
Square,Browline,138,45,Titanium,Black,Semi-Rimless
Square,Oval,125,39,Titanium,Black,Rimless
Square,Oval,123,55,Acetate,Red,Semi-Rimless
Square,Browline,124,55,Plastic,Silver,Full-Rim
Square,Round,131,55,Metal,Red,Rimless
Square,Oval,128,50,Acetate,Silver,Full-Rim
Square,Round,133,43,Metal,Red,Semi-Rimless
Square,Oval,125,40,Acetate,Clear,Full-Rim
Square,Browline,140,45,Titanium,Black,Rimless
Square,Oval,130,49,Metal,Blue,Semi-Rimless
Square,Oval,148,36,Acetate,Blue,Semi-Rimless
Square,Oval,125,51,Metal,Silver,Semi-Rimless
Square,Oval,135,55,Metal,Red,Rimless
Square,Browline,141,52,Acetate,Blue,Rimless
Square,Oval,128,52,Plastic,Clear,Full-Rim
Square,Round,133,48,Acetate,Blue,Rimless
Square,Oval,128,41,Titanium,Red,Semi-Rimless
Square,Browline,135,50,Metal,Clear,Full-Rim
Square,Browline,124,53,Plastic,Gold,Semi-Rimless
Square,Browline,145,37,Acetate,Clear,Full-Rim
Square,Round,131,38,Plastic,Gold,Semi-Rimless
Square,Round,138,53,Acetate,Gold,Full-Rim
Square,Browline,124,45,Plastic,Gold,Semi-Rimless
Square,Oval,145,41,Acetate,Black,Semi-Rimless
Square,Browline,138,47,Plastic,Tortoise,Full-Rim
Square,Round,148,48,Plastic,Clear,Full-Rim
Square,Browline,135,48,Metal,Blue,Rimless
Square,Browline,127,35,Metal,Black,Full-Rim
Square,Browline,128,35,Acetate,Silver,Full-Rim
Square,Browline,129,48,Plastic,Blue,Full-Rim
Square,Browline,136,48,Titanium,Clear,Rimless
Square,Round,150,48,Metal,Blue,Semi-Rimless
Square,Browline,136,47,Metal,Clear,Full-Rim
Square,Oval,131,50,Metal,Red,Rimless
Square,Round,143,44,Acetate,Tortoise,Semi-Rimless
Square,Browline,145,35,Acetate,Clear,Semi-Rimless
Square,Round,130,48,Plastic,Black,Full-Rim
Square,Browline,138,49,Plastic,Tortoise,Full-Rim
Square,Round,125,42,Acetate,Red,Semi-Rimless
Square,Oval,129,42,Titanium,Clear,Rimless
Square,Oval,124,36,Titanium,Clear,Semi-Rimless
Square,Oval,124,39,Plastic,Silver,Full-Rim
Square,Browline,147,44,Titanium,Red,Full-Rim
Square,Browline,121,45,Plastic,Silver,Rimless
Square,Round,129,43,Titanium,Clear,Rimless
Square,Browline,147,50,Acetate,Tortoise,Semi-Rimless
Square,Oval,136,36,Plastic,Tortoise,Full-Rim
Square,Round,143,43,Titanium,Silver,Rimless
Square,Oval,134,35,Acetate,Black,Full-Rim
Square,Round,126,38,Acetate,Black,Full-Rim
Round,Square,133,48,Titanium,Tortoise,Full-Rim
Round,Square,123,50,Titanium,Red,Semi-Rimless
Round,D-Frame,140,55,Acetate,Clear,Rimless
Round,D-Frame,123,39,Metal,Black,Full-Rim
Round,D-Frame,129,47,Acetate,Black,Full-Rim
Round,Rectangle,120,49,Metal,Tortoise,Semi-Rimless
Round,D-Frame,130,40,Acetate,Blue,Full-Rim
Round,Square,142,52,Acetate,Black,Semi-Rimless
Round,D-Frame,139,46,Metal,Silver,Semi-Rimless
Round,D-Frame,123,37,Acetate,Red,Rimless
Round,Rectangle,141,36,Plastic,Black,Semi-Rimless
Round,Square,123,46,Acetate,Silver,Full-Rim
Round,Rectangle,143,36,Plastic,Tortoise,Rimless
Round,Square,126,43,Acetate,Gold,Semi-Rimless
Round,Square,130,48,Plastic,Red,Rimless
Round,D-Frame,148,35,Metal,Black,Semi-Rimless
Round,Square,142,39,Plastic,Clear,Full-Rim
Round,D-Frame,139,46,Plastic,Blue,Full-Rim
Round,Square,124,35,Acetate,Tortoise,Rimless
Round,D-Frame,121,42,Titanium,Silver,Semi-Rimless
Round,Rectangle,148,47,Acetate,Gold,Rimless
Round,D-Frame,137,43,Acetate,Silver,Rimless
Round,Square,133,55,Acetate,Gold,Semi-Rimless
Round,D-Frame,121,46,Acetate,Red,Rimless
Round,Square,143,38,Titanium,Gold,Rimless
Round,Square,124,53,Plastic,Silver,Semi-Rimless
Round,Rectangle,147,53,Plastic,Black,Rimless
Round,D-Frame,150,51,Acetate,Silver,Semi-Rimless
Round,Rectangle,134,43,Acetate,Tortoise,Full-Rim
Round,Square,142,52,Titanium,Blue,Rimless
Round,Rectangle,122,51,Titanium,Tortoise,Semi-Rimless
Round,Rectangle,123,42,Titanium,Gold,Rimless
Round,Square,120,38,Metal,Black,Full-Rim
Round,Rectangle,143,52,Acetate,Gold,Full-Rim
Round,Rectangle,120,41,Metal,Silver,Semi-Rimless
Round,Rectangle,120,45,Titanium,Red,Semi-Rimless
Round,Square,134,46,Plastic,Gold,Rimless
Round,Square,131,55,Plastic,Silver,Semi-Rimless
Round,D-Frame,147,40,Metal,Tortoise,Semi-Rimless
Round,Square,136,47,Plastic,Gold,Full-Rim
Round,D-Frame,142,51,Metal,Blue,Semi-Rimless
Round,Square,125,43,Plastic,Clear,Semi-Rimless
Round,Rectangle,120,42,Metal,Silver,Full-Rim
Round,Square,147,36,Titanium,Tortoise,Full-Rim
Round,Square,136,53,Acetate,Red,Semi-Rimless
Round,D-Frame,129,47,Titanium,Blue,Semi-Rimless
Round,Square,138,36,Acetate,Silver,Semi-Rimless
Round,D-Frame,126,40,Acetate,Blue,Semi-Rimless
Round,D-Frame,135,35,Plastic,Tortoise,Semi-Rimless
Round,Rectangle,133,37,Plastic,Tortoise,Full-Rim
Round,Rectangle,120,38,Acetate,Tortoise,Semi-Rimless
Round,Square,146,39,Plastic,Silver,Full-Rim
Round,Rectangle,142,36,Acetate,Black,Rimless
Round,Square,131,38,Acetate,Blue,Rimless
Round,D-Frame,133,38,Titanium,Blue,Full-Rim
Round,Rectangle,139,40,Metal,Black,Rimless
Round,Rectangle,134,51,Plastic,Tortoise,Semi-Rimless
Round,Square,133,49,Metal,Clear,Semi-Rimless
Round,D-Frame,130,47,Titanium,Silver,Rimless
Round,D-Frame,128,49,Titanium,Black,Semi-Rimless
Round,Square,130,54,Plastic,Blue,Rimless
Round,Square,146,38,Plastic,Silver,Semi-Rimless
Round,Rectangle,131,48,Plastic,Silver,Semi-Rimless
Round,Rectangle,138,45,Plastic,Tortoise,Rimless
Round,D-Frame,131,47,Metal,Gold,Semi-Rimless
Round,Rectangle,140,43,Plastic,Black,Full-Rim
Round,Square,132,50,Metal,Blue,Semi-Rimless
Round,D-Frame,142,48,Titanium,Black,Full-Rim
Round,Square,148,54,Titanium,Tortoise,Semi-Rimless
Round,Rectangle,120,42,Titanium,Tortoise,Rimless
Round,Square,142,38,Titanium,Blue,Full-Rim
Round,Square,141,37,Acetate,Red,Rimless
Round,Rectangle,135,44,Acetate,Blue,Semi-Rimless
Round,Square,145,54,Titanium,Gold,Rimless
Round,Rectangle,147,54,Metal,Gold,Rimless
Round,Rectangle,146,54,Acetate,Clear,Semi-Rimless
Round,Rectangle,129,49,Titanium,Gold,Rimless
Round,Rectangle,148,50,Titanium,Silver,Rimless
Round,Square,131,52,Metal,Black,Rimless
Round,Square,132,45,Titanium,Red,Semi-Rimless
Round,Square,145,54,Plastic,Silver,Semi-Rimless
Round,Rectangle,140,38,Titanium,Clear,Full-Rim
Round,D-Frame,125,38,Metal,Blue,Full-Rim
Round,D-Frame,128,48,Titanium,Tortoise,Semi-Rimless
Round,Rectangle,124,40,Metal,Silver,Full-Rim
Round,Square,130,50,Acetate,Blue,Semi-Rimless
Round,D-Frame,120,44,Metal,Black,Semi-Rimless
Round,D-Frame,123,51,Titanium,Silver,Rimless
Round,Rectangle,133,38,Titanium,Black,Semi-Rimless
Round,Rectangle,130,36,Plastic,Black,Rimless
Round,Rectangle,143,47,Metal,Gold,Semi-Rimless
Round,D-Frame,124,37,Titanium,Red,Full-Rim
Round,Square,143,39,Titanium,Blue,Semi-Rimless
Round,Square,143,44,Acetate,Black,Semi-Rimless
Round,Square,148,53,Acetate,Gold,Full-Rim
Round,Rectangle,132,39,Metal,Tortoise,Semi-Rimless
Round,D-Frame,123,48,Metal,Clear,Full-Rim
Round,Square,138,52,Plastic,Blue,Full-Rim
Round,Rectangle,132,45,Titanium,Blue,Semi-Rimless
Round,Rectangle,135,39,Acetate,Clear,Semi-Rimless
Round,D-Frame,123,35,Acetate,Clear,Rimless
Round,D-Frame,138,48,Metal,Red,Rimless
Round,D-Frame,130,49,Metal,Blue,Rimless
Round,Square,145,38,Plastic,Gold,Semi-Rimless
Round,Rectangle,140,54,Metal,Gold,Full-Rim
Round,Rectangle,140,37,Plastic,Clear,Rimless
Round,D-Frame,124,47,Acetate,Clear,Full-Rim
Round,D-Frame,135,51,Acetate,Tortoise,Rimless
Round,Rectangle,147,41,Titanium,Clear,Semi-Rimless
Round,D-Frame,128,44,Metal,Red,Rimless
Round,D-Frame,128,47,Metal,Black,Full-Rim
Round,Rectangle,125,36,Acetate,Silver,Semi-Rimless
Round,D-Frame,137,40,Metal,Clear,Full-Rim
Round,Square,138,45,Acetate,Black,Semi-Rimless
Round,Square,121,55,Acetate,Red,Full-Rim
Round,Square,126,41,Titanium,Clear,Rimless
Round,Square,137,41,Titanium,Red,Rimless
Round,Rectangle,132,43,Metal,Gold,Full-Rim
Round,Square,140,46,Acetate,Gold,Rimless
Round,Rectangle,132,47,Titanium,Red,Full-Rim
Round,Square,134,55,Plastic,Tortoise,Rimless
Round,Square,144,50,Metal,Gold,Full-Rim
Round,Rectangle,133,53,Metal,Tortoise,Full-Rim
Round,D-Frame,121,37,Titanium,Blue,Semi-Rimless
Round,Rectangle,131,42,Metal,Red,Full-Rim
Round,Rectangle,132,42,Plastic,Gold,Semi-Rimless
Round,Rectangle,134,46,Plastic,Black,Full-Rim
Round,Rectangle,131,40,Metal,Gold,Semi-Rimless
Round,Rectangle,124,35,Plastic,Gold,Full-Rim
Round,D-Frame,143,53,Acetate,Silver,Rimless
Round,Square,131,52,Metal,Gold,Full-Rim
Round,Square,137,48,Plastic,Tortoise,Rimless
Round,Square,149,40,Plastic,Clear,Full-Rim
Round,D-Frame,146,53,Plastic,Black,Semi-Rimless
Round,Square,136,50,Metal,Tortoise,Rimless
Round,Rectangle,135,55,Acetate,Blue,Full-Rim
Round,D-Frame,121,44,Metal,Black,Rimless
Round,Rectangle,146,43,Titanium,Clear,Rimless
Round,Square,133,54,Titanium,Black,Full-Rim
Round,Rectangle,132,53,Titanium,Black,Full-Rim
Round,Rectangle,130,50,Titanium,Blue,Semi-Rimless
Round,D-Frame,128,35,Metal,Gold,Full-Rim
Round,Rectangle,133,43,Titanium,Tortoise,Rimless
Round,D-Frame,141,41,Metal,Tortoise,Full-Rim
Round,Square,138,39,Metal,Gold,Full-Rim
Round,Rectangle,145,54,Metal,Tortoise,Rimless
Round,Square,150,43,Acetate,Blue,Rimless
Round,Rectangle,142,51,Plastic,Clear,Full-Rim
Round,Rectangle,138,53,Acetate,Red,Rimless
Round,D-Frame,120,35,Titanium,Tortoise,Semi-Rimless
Round,D-Frame,126,42,Acetate,Black,Full-Rim
Round,Rectangle,125,46,Metal,Clear,Semi-Rimless
Round,D-Frame,131,41,Metal,Blue,Rimless
Round,Square,132,47,Titanium,Blue,Rimless
Round,Square,148,54,Metal,Gold,Rimless
Round,Rectangle,142,40,Titanium,Blue,Rimless
Round,Square,140,36,Metal,Tortoise,Rimless
Round,D-Frame,141,40,Titanium,Gold,Semi-Rimless
Round,D-Frame,125,55,Acetate,Silver,Rimless
Round,D-Frame,131,41,Acetate,Blue,Full-Rim
Round,Square,141,36,Acetate,Red,Rimless
Round,Rectangle,128,38,Titanium,Red,Full-Rim
Round,D-Frame,130,39,Titanium,Tortoise,Semi-Rimless
Round,Square,139,35,Plastic,Clear,Rimless
Round,Rectangle,129,38,Acetate,Black,Rimless
Round,Square,127,45,Acetate,Blue,Semi-Rimless
Round,Square,129,51,Titanium,Black,Rimless
Round,Rectangle,147,35,Metal,Silver,Full-Rim
Round,D-Frame,146,52,Acetate,Gold,Rimless
Round,Square,130,42,Metal,Tortoise,Rimless
Round,D-Frame,136,37,Acetate,Gold,Full-Rim
Round,D-Frame,145,45,Metal,Tortoise,Full-Rim
Round,Rectangle,142,40,Acetate,Black,Semi-Rimless
Round,D-Frame,121,39,Acetate,Blue,Rimless
Round,D-Frame,141,43,Titanium,Blue,Full-Rim
Round,Square,120,36,Metal,Black,Rimless
Round,Square,141,50,Titanium,Clear,Rimless
Round,D-Frame,145,40,Metal,Clear,Rimless
Round,Rectangle,124,55,Titanium,Silver,Rimless
Round,Rectangle,145,47,Metal,Clear,Rimless
Round,D-Frame,136,43,Metal,Red,Semi-Rimless
Round,Square,129,40,Acetate,Blue,Rimless
Round,Rectangle,140,49,Acetate,Clear,Full-Rim
Round,D-Frame,136,52,Metal,Clear,Full-Rim
Round,Square,124,42,Titanium,Gold,Full-Rim
Round,D-Frame,120,48,Metal,Silver,Semi-Rimless
Round,Rectangle,125,40,Plastic,Silver,Full-Rim
Round,Square,123,40,Titanium,Tortoise,Rimless
Round,D-Frame,143,48,Acetate,Gold,Semi-Rimless
Round,Rectangle,140,47,Titanium,Blue,Semi-Rimless
Round,Rectangle,130,51,Metal,Gold,Full-Rim
Round,D-Frame,141,50,Acetate,Tortoise,Rimless
Round,Square,129,46,Acetate,Silver,Rimless
Round,D-Frame,150,40,Plastic,Blue,Semi-Rimless
Round,Rectangle,144,52,Plastic,Black,Full-Rim
Round,Rectangle,149,47,Titanium,Black,Rimless
Round,Rectangle,129,48,Metal,Black,Rimless
Round,Rectangle,138,37,Metal,Clear,Rimless
Round,Square,126,42,Acetate,Black,Full-Rim
Round,Square,150,42,Metal,Silver,Semi-Rimless
