UserID,FaceShape,PreferredFrameStyle,FrameWidth(mm),FrameHeight(mm),Material,Color,RimType
U0001,Round,Oval,133,49,Titanium,Red,Rimless
U0002,Diamond,Wayfarer,150,46,Plastic,Gunmetal,Semi-Rim
U0003,Diamond,Oval,134,42,Plastic,Gold,Semi-Rim
U0004,Round,Browline,144,52,Titanium,Brown,Full-Rim
U0005,Square,Wayfarer,139,49,Acetate,Brown,Semi-Rim
U0006,Heart,Wayfarer,133,47,Acetate,Brown,Semi-Rim
U0007,Diamond,Rectangle,133,48,Plastic,Blue,Full-Rim
U0008,Square,Aviator,137,47,Metal,Tortoise,Full-Rim
U0009,Round,Rectangle,137,41,Acetate,Gunmetal,Semi-Rim
U0010,Diamond,Aviator,144,42,Metal,Blue,Rimless
U0011,Oval,Cat-Eye,134,39,Acetate,Blue,Rimless
U0012,Diamond,Rectangle,138,44,Plastic,Tortoise,Full-Rim
U0013,Diamond,Oval,135,49,Plastic,Gold,Semi-Rim
U0014,Square,Oval,143,39,Titanium,Pink,Semi-Rim
U0015,Diamond,Round,135,41,Titanium,Green,Full-Rim
U0016,Oval,Oval,148,43,Metal,Blue,Full-Rim
U0017,Round,Browline,132,43,Acetate,Blue,Full-Rim
U0018,Heart,Round,130,48,Titanium,Pink,Semi-Rim
U0019,Diamond,Aviator,136,47,Metal,Brown,Semi-Rim
U0020,Oval,Aviator,147,48,Acetate,Pink,Semi-Rim
U0021,Oval,Oval,146,50,Titanium,Gunmetal,Rimless
U0022,Square,Wayfarer,146,43,Acetate,Red,Full-Rim
U0023,Diamond,Oval,138,49,Acetate,Green,Full-Rim
U0024,Square,Browline,136,51,Titanium,Red,Semi-Rim
U0025,Square,Cat-Eye,142,44,Plastic,Tortoise,Semi-Rim
U0026,Diamond,Wayfarer,134,49,Metal,Red,Rimless
U0027,Heart,Browline,131,46,Acetate,Green,Semi-Rim
U0028,Diamond,Oval,140,39,Titanium,Brown,Rimless
U0029,Oval,Oval,147,44,Acetate,Gunmetal,Full-Rim
U0030,Heart,Square,142,44,Metal,Black,Full-Rim
U0031,Square,Aviator,141,44,Acetate,Blue,Semi-Rim
U0032,Heart,Round,136,52,Acetate,Green,Rimless
U0033,Round,Round,147,49,Acetate,Gunmetal,Full-Rim
U0034,Oval,Square,143,40,Metal,Green,Semi-Rim
U0035,Heart,Square,138,48,Titanium,Silver,Semi-Rim
U0036,Square,Cat-Eye,130,44,Metal,Tortoise,Semi-Rim
U0037,Oval,Wayfarer,141,42,Titanium,Gold,Semi-Rim
U0038,Oval,Round,142,43,Plastic,Red,Semi-Rim
U0039,Round,Rectangle,142,51,Metal,Brown,Semi-Rim
U0040,Diamond,Wayfarer,147,46,Titanium,Silver,Full-Rim
U0041,Diamond,Round,136,41,Acetate,Brown,Semi-Rim
U0042,Oval,Cat-Eye,148,42,Metal,Tortoise,Semi-Rim
U0043,Oval,Aviator,145,52,Plastic,Tortoise,Rimless
U0044,Round,Browline,136,43,Plastic,Red,Semi-Rim
U0045,Heart,Oval,131,39,Acetate,Red,Full-Rim
U0046,Diamond,Round,148,52,Titanium,Brown,Full-Rim
U0047,Heart,Aviator,134,43,Titanium,Green,Full-Rim
U0048,Round,Wayfarer,144,40,Acetate,Tortoise,Full-Rim
U0049,Diamond,Cat-Eye,142,48,Plastic,Green,Full-Rim
U0050,Oval,Oval,139,48,Plastic,Silver,Rimless
U0051,Diamond,Browline,131,47,Metal,Silver,Full-Rim
U0052,Oval,Rectangle,145,51,Titanium,Silver,Semi-Rim
U0053,Heart,Oval,134,52,Plastic,Gold,Semi-Rim
U0054,Oval,Aviator,139,52,Metal,Red,Full-Rim
U0055,Heart,Square,138,40,Acetate,Gunmetal,Semi-Rim
U0056,Square,Oval,147,44,Titanium,Pink,Semi-Rim
U0057,Oval,Wayfarer,138,50,Titanium,Pink,Rimless
U0058,Heart,Rectangle,146,49,Plastic,Blue,Semi-Rim
U0059,Round,Oval,135,46,Plastic,Tortoise,Rimless
U0060,Heart,Oval,139,50,Acetate,Tortoise,Rimless
U0061,Diamond,Aviator,146,44,Acetate,Gunmetal,Semi-Rim
U0062,Square,Rectangle,136,51,Acetate,Gunmetal,Full-Rim
U0063,Square,Cat-Eye,135,52,Titanium,Brown,Semi-Rim
U0064,Square,Oval,139,42,Plastic,Gold,Semi-Rim
U0065,Diamond,Square,136,47,Acetate,Gunmetal,Full-Rim
U0066,Oval,Browline,142,41,Plastic,Tortoise,Full-Rim
U0067,Diamond,Wayfarer,135,49,Plastic,Pink,Semi-Rim
U0068,Oval,Square,143,52,Metal,Blue,Full-Rim
U0069,Oval,Aviator,136,42,Titanium,Blue,Rimless
U0070,Square,Aviator,139,41,Metal,Red,Rimless
U0071,Diamond,Oval,143,45,Plastic,Brown,Semi-Rim
U0072,Round,Oval,147,44,Metal,Green,Semi-Rim
U0073,Round,Round,145,42,Plastic,Gunmetal,Full-Rim
U0074,Square,Aviator,149,43,Plastic,Pink,Rimless
U0075,Heart,Round,132,44,Titanium,Tortoise,Semi-Rim
U0076,Square,Oval,131,41,Metal,Black,Rimless
U0077,Diamond,Wayfarer,149,46,Titanium,Brown,Rimless
U0078,Heart,Oval,144,50,Acetate,Tortoise,Rimless
U0079,Round,Rectangle,147,44,Plastic,Blue,Semi-Rim
U0080,Square,Browline,137,42,Titanium,Gold,Full-Rim
U0081,Heart,Oval,133,46,Titanium,Brown,Rimless
U0082,Diamond,Browline,140,46,Metal,Gunmetal,Full-Rim
U0083,Diamond,Cat-Eye,146,43,Plastic,Blue,Rimless
U0084,Heart,Square,149,52,Plastic,Silver,Rimless
U0085,Square,Round,146,49,Titanium,Brown,Semi-Rim
U0086,Square,Cat-Eye,140,47,Acetate,Brown,Semi-Rim
U0087,Round,Oval,141,51,Acetate,Pink,Full-Rim
U0088,Round,Square,132,52,Plastic,Red,Full-Rim
U0089,Diamond,Browline,142,39,Titanium,Black,Full-Rim
U0090,Diamond,Round,146,39,Titanium,Green,Semi-Rim
U0091,Oval,Aviator,149,47,Titanium,Pink,Semi-Rim
U0092,Heart,Round,134,44,Titanium,Black,Full-Rim
U0093,Heart,Wayfarer,135,43,Titanium,Gold,Full-Rim
U0094,Round,Round,137,50,Titanium,Pink,Rimless
U0095,Heart,Oval,134,44,Metal,Gold,Rimless
U0096,Square,Browline,141,41,Acetate,Blue,Full-Rim
U0097,Round,Round,150,44,Acetate,Green,Rimless
U0098,Round,Round,139,48,Metal,Blue,Semi-Rim
U0099,Square,Rectangle,144,43,Metal,Blue,Rimless
U0100,Round,Cat-Eye,140,45,Metal,Silver,Full-Rim
U0101,Round,Rectangle,144,40,Plastic,Pink,Full-Rim
U0102,Heart,Cat-Eye,132,50,Titanium,Black,Full-Rim
U0103,Square,Aviator,149,52,Titanium,Gold,Rimless
U0104,Round,Oval,148,51,Plastic,Blue,Rimless
U0105,Heart,Browline,133,39,Titanium,Gold,Rimless
U0106,Oval,Browline,148,52,Metal,Black,Semi-Rim
U0107,Oval,Wayfarer,144,50,Metal,Black,Rimless
U0108,Round,Wayfarer,150,39,Acetate,Tortoise,Semi-Rim
U0109,Round,Wayfarer,136,47,Metal,Blue,Semi-Rim
U0110,Square,Round,143,51,Plastic,Gunmetal,Semi-Rim
U0111,Heart,Rectangle,140,47,Titanium,Black,Full-Rim
U0112,Square,Aviator,150,44,Plastic,Red,Full-Rim
U0113,Oval,Cat-Eye,150,43,Plastic,Gunmetal,Rimless
U0114,Diamond,Aviator,142,52,Metal,Tortoise,Semi-Rim
U0115,Oval,Browline,136,38,Acetate,Blue,Semi-Rim
U0116,Square,Oval,144,52,Titanium,Red,Semi-Rim
U0117,Round,Square,147,39,Acetate,Green,Semi-Rim
U0118,Round,Wayfarer,136,42,Acetate,Red,Semi-Rim
U0119,Round,Browline,150,49,Titanium,Green,Semi-Rim
U0120,Oval,Rectangle,133,45,Plastic,Blue,Full-Rim
U0121,Diamond,Square,131,52,Acetate,Red,Full-Rim
U0122,Oval,Cat-Eye,142,42,Acetate,Silver,Full-Rim
U0123,Heart,Rectangle,138,46,Metal,Silver,Semi-Rim
U0124,Oval,Round,149,42,Metal,Pink,Full-Rim
U0125,Square,Browline,142,51,Metal,Brown,Full-Rim
U0126,Diamond,Round,134,45,Metal,Brown,Full-Rim
U0127,Diamond,Wayfarer,150,47,Metal,Silver,Semi-Rim
U0128,Oval,Cat-Eye,146,47,Acetate,Green,Rimless
U0129,Heart,Cat-Eye,142,38,Acetate,Silver,Semi-Rim
U0130,Heart,Rectangle,131,52,Plastic,Gold,Rimless
U0131,Heart,Aviator,134,43,Plastic,Brown,Semi-Rim
U0132,Square,Wayfarer,143,42,Titanium,Gunmetal,Rimless
U0133,Diamond,Aviator,135,52,Acetate,Tortoise,Full-Rim
U0134,Round,Square,139,47,Plastic,Red,Full-Rim
U0135,Square,Browline,143,47,Plastic,Blue,Semi-Rim
U0136,Oval,Rectangle,149,44,Titanium,Blue,Full-Rim
U0137,Square,Square,131,48,Titanium,Gunmetal,Semi-Rim
U0138,Oval,Rectangle,140,48,Titanium,Black,Full-Rim
U0139,Square,Oval,137,48,Metal,Black,Rimless
U0140,Square,Aviator,134,40,Acetate,Tortoise,Rimless
U0141,Oval,Rectangle,143,46,Titanium,Gold,Semi-Rim
U0142,Square,Browline,136,44,Metal,Silver,Rimless
U0143,Round,Oval,144,38,Titanium,Green,Semi-Rim
U0144,Diamond,Cat-Eye,149,40,Metal,Blue,Semi-Rim
U0145,Oval,Square,139,50,Titanium,Pink,Rimless
U0146,Oval,Square,134,47,Plastic,Gunmetal,Semi-Rim
U0147,Oval,Aviator,136,47,Titanium,Tortoise,Semi-Rim
U0148,Square,Square,136,46,Metal,Red,Full-Rim
U0149,Heart,Square,132,47,Titanium,Brown,Rimless
U0150,Square,Rectangle,140,52,Metal,Gold,Rimless
U0151,Round,Rectangle,135,38,Titanium,Blue,Full-Rim
U0152,Heart,Wayfarer,142,42,Titanium,Silver,Rimless
U0153,Diamond,Square,145,50,Titanium,Silver,Rimless
U0154,Square,Square,134,42,Acetate,Brown,Semi-Rim
U0155,Square,Cat-Eye,143,49,Metal,Gunmetal,Semi-Rim
U0156,Diamond,Wayfarer,132,45,Metal,Pink,Semi-Rim
U0157,Square,Oval,132,43,Plastic,Silver,Rimless
U0158,Heart,Aviator,135,44,Metal,Red,Semi-Rim
U0159,Square,Browline,136,42,Titanium,Brown,Full-Rim
U0160,Diamond,Browline,146,45,Titanium,Blue,Rimless
U0161,Diamond,Aviator,132,52,Plastic,Gunmetal,Rimless
U0162,Oval,Wayfarer,147,45,Titanium,Brown,Rimless
U0163,Heart,Round,141,41,Acetate,Pink,Semi-Rim
U0164,Diamond,Rectangle,144,42,Titanium,Red,Rimless
U0165,Oval,Rectangle,136,47,Plastic,Black,Semi-Rim
U0166,Round,Square,139,43,Acetate,Tortoise,Full-Rim
U0167,Oval,Aviator,147,44,Metal,Green,Semi-Rim
U0168,Round,Aviator,143,47,Metal,Gold,Rimless
U0169,Diamond,Oval,132,52,Plastic,Tortoise,Rimless
U0170,Diamond,Oval,133,42,Metal,Silver,Rimless
U0171,Oval,Oval,146,50,Acetate,Pink,Full-Rim
U0172,Square,Rectangle,131,45,Titanium,Black,Semi-Rim
U0173,Square,Rectangle,145,51,Acetate,Green,Semi-Rim
U0174,Diamond,Aviator,134,41,Acetate,Gunmetal,Rimless
U0175,Oval,Browline,133,39,Plastic,Blue,Full-Rim
U0176,Heart,Cat-Eye,130,44,Acetate,Gunmetal,Rimless
U0177,Heart,Aviator,135,43,Acetate,Brown,Full-Rim
U0178,Diamond,Square,145,44,Plastic,Black,Rimless
U0179,Heart,Oval,136,42,Acetate,Red,Rimless
U0180,Diamond,Round,139,38,Acetate,Blue,Full-Rim
U0181,Square,Rectangle,133,51,Plastic,Gold,Semi-Rim
U0182,Round,Browline,145,49,Plastic,Silver,Rimless
U0183,Diamond,Oval,149,48,Plastic,Tortoise,Semi-Rim
U0184,Round,Oval,147,38,Metal,Silver,Full-Rim
U0185,Round,Square,145,40,Plastic,Gold,Full-Rim
U0186,Round,Cat-Eye,132,52,Plastic,Pink,Semi-Rim
U0187,Oval,Oval,130,44,Plastic,Pink,Full-Rim
U0188,Diamond,Rectangle,138,45,Metal,Blue,Rimless
U0189,Round,Wayfarer,140,48,Acetate,Tortoise,Rimless
U0190,Square,Rectangle,133,49,Plastic,Brown,Rimless
U0191,Oval,Wayfarer,147,52,Plastic,Silver,Semi-Rim
U0192,Oval,Wayfarer,147,52,Titanium,Red,Rimless
U0193,Heart,Aviator,147,38,Plastic,Brown,Rimless
U0194,Diamond,Round,141,50,Plastic,Tortoise,Rimless
U0195,Oval,Aviator,145,51,Plastic,Gunmetal,Semi-Rim
U0196,Round,Round,140,41,Titanium,Pink,Rimless
U0197,Square,Browline,135,44,Plastic,Gunmetal,Full-Rim
U0198,Oval,Rectangle,145,52,Plastic,Silver,Full-Rim
U0199,Oval,Oval,136,49,Acetate,Red,Semi-Rim
U0200,Square,Oval,143,49,Metal,Silver,Full-Rim
U0201,Heart,Round,150,39,Acetate,Tortoise,Semi-Rim
U0202,Heart,Rectangle,148,48,Acetate,Red,Semi-Rim
U0203,Diamond,Cat-Eye,130,42,Titanium,Silver,Full-Rim
U0204,Square,Round,147,43,Titanium,Brown,Rimless
U0205,Diamond,Wayfarer,150,39,Acetate,Gold,Full-Rim
U0206,Diamond,Round,134,44,Titanium,Gold,Full-Rim
U0207,Square,Square,147,49,Metal,Gunmetal,Semi-Rim
U0208,Oval,Rectangle,134,51,Metal,Silver,Semi-Rim
U0209,Round,Square,130,39,Titanium,Silver,Rimless
U0210,Square,Round,147,49,Plastic,Tortoise,Full-Rim
U0211,Diamond,Round,144,51,Plastic,Pink,Semi-Rim
U0212,Square,Browline,148,49,Titanium,Tortoise,Semi-Rim
U0213,Round,Oval,130,44,Metal,Gunmetal,Rimless
U0214,Diamond,Aviator,132,44,Metal,Gold,Full-Rim
U0215,Diamond,Rectangle,136,45,Acetate,Black,Full-Rim
U0216,Oval,Round,130,46,Plastic,Blue,Rimless
U0217,Oval,Oval,139,46,Titanium,Green,Rimless
U0218,Square,Cat-Eye,135,51,Plastic,Tortoise,Full-Rim
U0219,Diamond,Round,149,46,Metal,Pink,Rimless
U0220,Round,Wayfarer,147,48,Metal,Tortoise,Full-Rim
U0221,Diamond,Aviator,150,46,Plastic,Gunmetal,Rimless
U0222,Diamond,Square,131,52,Plastic,Gold,Full-Rim
U0223,Square,Aviator,133,52,Acetate,Green,Full-Rim
U0224,Oval,Rectangle,146,40,Titanium,Red,Rimless
U0225,Diamond,Browline,138,39,Titanium,Silver,Semi-Rim
U0226,Round,Browline,133,52,Metal,Silver,Rimless
U0227,Square,Browline,130,50,Metal,Blue,Full-Rim
U0228,Square,Oval,134,39,Plastic,Gunmetal,Semi-Rim
U0229,Round,Wayfarer,139,50,Metal,Pink,Rimless
U0230,Oval,Browline,138,40,Metal,Tortoise,Rimless
U0231,Oval,Cat-Eye,145,45,Acetate,Brown,Rimless
U0232,Round,Round,142,52,Metal,Pink,Rimless
U0233,Square,Oval,131,46,Metal,Brown,Rimless
U0234,Square,Rectangle,147,43,Metal,Silver,Semi-Rim
U0235,Diamond,Oval,147,49,Titanium,Pink,Full-Rim
U0236,Heart,Aviator,132,48,Plastic,Brown,Rimless
U0237,Heart,Oval,143,43,Metal,Gold,Full-Rim
U0238,Square,Wayfarer,142,38,Titanium,Green,Full-Rim
U0239,Round,Round,142,50,Acetate,Tortoise,Full-Rim
U0240,Square,Browline,136,49,Plastic,Green,Semi-Rim
U0241,Square,Aviator,146,41,Plastic,Blue,Rimless
U0242,Oval,Rectangle,135,43,Titanium,Pink,Rimless
U0243,Diamond,Cat-Eye,141,45,Metal,Tortoise,Rimless
U0244,Square,Wayfarer,139,50,Metal,Blue,Semi-Rim
U0245,Square,Aviator,132,40,Titanium,Gunmetal,Rimless
U0246,Round,Oval,136,45,Titanium,Gunmetal,Rimless
U0247,Round,Round,147,49,Acetate,Green,Rimless
U0248,Diamond,Rectangle,132,38,Plastic,Red,Rimless
U0249,Diamond,Aviator,136,40,Metal,Pink,Rimless
U0250,Heart,Rectangle,142,51,Metal,Brown,Semi-Rim
U0251,Oval,Aviator,149,48,Titanium,Pink,Semi-Rim
U0252,Oval,Aviator,141,46,Metal,Brown,Semi-Rim
U0253,Oval,Cat-Eye,148,41,Plastic,Tortoise,Rimless
U0254,Oval,Square,130,49,Titanium,Green,Semi-Rim
U0255,Diamond,Browline,138,42,Metal,Gunmetal,Full-Rim
U0256,Square,Square,134,44,Acetate,Blue,Full-Rim
U0257,Round,Square,132,41,Plastic,Silver,Rimless
U0258,Square,Wayfarer,135,47,Acetate,Gunmetal,Rimless
U0259,Heart,Browline,136,51,Titanium,Gunmetal,Full-Rim
U0260,Round,Aviator,141,49,Acetate,Black,Semi-Rim
U0261,Heart,Wayfarer,138,40,Acetate,Pink,Full-Rim
U0262,Oval,Browline,144,46,Plastic,Gunmetal,Semi-Rim
U0263,Heart,Browline,139,46,Titanium,Blue,Full-Rim
U0264,Oval,Rectangle,137,43,Titanium,Green,Rimless
U0265,Diamond,Oval,150,52,Metal,Silver,Full-Rim
U0266,Square,Rectangle,143,45,Plastic,Silver,Semi-Rim
U0267,Square,Oval,138,44,Plastic,Blue,Full-Rim
U0268,Diamond,Round,150,49,Metal,Brown,Semi-Rim
U0269,Oval,Round,137,39,Plastic,Green,Full-Rim
U0270,Heart,Oval,147,51,Plastic,Blue,Rimless
U0271,Oval,Browline,148,47,Titanium,Blue,Full-Rim
U0272,Heart,Cat-Eye,148,43,Acetate,Gunmetal,Semi-Rim
U0273,Diamond,Round,134,51,Metal,Green,Full-Rim
U0274,Square,Oval,140,44,Plastic,Silver,Semi-Rim
U0275,Round,Browline,130,46,Titanium,Blue,Rimless
U0276,Oval,Cat-Eye,146,41,Titanium,Gunmetal,Rimless
U0277,Round,Square,144,51,Titanium,Green,Full-Rim
U0278,Square,Rectangle,131,40,Titanium,Black,Full-Rim
U0279,Diamond,Round,141,51,Metal,Blue,Full-Rim
U0280,Round,Square,142,52,Acetate,Blue,Semi-Rim
U0281,Heart,Rectangle,148,43,Plastic,Tortoise,Full-Rim
U0282,Oval,Browline,142,50,Plastic,Green,Semi-Rim
U0283,Round,Cat-Eye,135,46,Metal,Green,Semi-Rim
U0284,Oval,Cat-Eye,148,39,Titanium,Gold,Semi-Rim
U0285,Oval,Cat-Eye,149,40,Titanium,Gold,Rimless
U0286,Oval,Wayfarer,135,47,Acetate,Red,Semi-Rim
U0287,Heart,Aviator,142,49,Metal,Gold,Full-Rim
U0288,Heart,Cat-Eye,139,42,Titanium,Black,Rimless
U0289,Heart,Wayfarer,142,44,Plastic,Blue,Full-Rim
U0290,Round,Aviator,150,47,Metal,Silver,Full-Rim
U0291,Heart,Cat-Eye,146,45,Acetate,Blue,Full-Rim
U0292,Oval,Cat-Eye,142,47,Metal,Silver,Semi-Rim
U0293,Heart,Oval,133,47,Titanium,Black,Rimless
U0294,Diamond,Round,135,48,Plastic,Tortoise,Full-Rim
U0295,Heart,Browline,137,51,Acetate,Red,Rimless
U0296,Heart,Cat-Eye,138,51,Acetate,Green,Semi-Rim
U0297,Square,Aviator,135,51,Metal,Tortoise,Semi-Rim
U0298,Diamond,Square,136,47,Metal,Red,Semi-Rim
U0299,Oval,Oval,140,40,Metal,Black,Full-Rim
U0300,Square,Oval,130,49,Metal,Tortoise,Full-Rim
U0301,Heart,Rectangle,140,42,Metal,Blue,Rimless
U0302,Diamond,Cat-Eye,135,38,Titanium,Gold,Rimless
U0303,Oval,Oval,141,48,Metal,Pink,Full-Rim
U0304,Heart,Cat-Eye,134,51,Plastic,Pink,Semi-Rim
U0305,Oval,Browline,147,44,Plastic,Gunmetal,Rimless
U0306,Oval,Round,146,39,Metal,Pink,Rimless
U0307,Oval,Square,148,52,Acetate,Blue,Rimless
U0308,Heart,Rectangle,146,44,Acetate,Brown,Full-Rim
U0309,Oval,Round,146,47,Acetate,Tortoise,Semi-Rim
U0310,Diamond,Square,141,41,Titanium,Gold,Rimless
U0311,Diamond,Oval,140,40,Titanium,Gold,Semi-Rim
U0312,Square,Aviator,142,52,Titanium,Gunmetal,Semi-Rim
U0313,Heart,Aviator,137,45,Titanium,Black,Full-Rim
U0314,Round,Round,146,39,Acetate,Green,Full-Rim
U0315,Round,Round,149,46,Plastic,Black,Full-Rim
U0316,Square,Oval,149,51,Titanium,Tortoise,Full-Rim
U0317,Oval,Rectangle,150,41,Plastic,Gold,Rimless
U0318,Square,Aviator,148,38,Metal,Gunmetal,Rimless
U0319,Square,Oval,146,52,Plastic,Gold,Semi-Rim
U0320,Heart,Round,131,43,Titanium,Black,Semi-Rim
U0321,Round,Browline,144,39,Titanium,Blue,Semi-Rim
U0322,Heart,Oval,139,44,Plastic,Tortoise,Full-Rim
U0323,Diamond,Rectangle,137,44,Plastic,Pink,Semi-Rim
U0324,Heart,Wayfarer,145,46,Acetate,Silver,Rimless
U0325,Oval,Wayfarer,130,52,Acetate,Gold,Rimless
U0326,Heart,Rectangle,146,48,Titanium,Red,Rimless
U0327,Oval,Rectangle,144,46,Titanium,Red,Rimless
U0328,Heart,Cat-Eye,149,45,Titanium,Gold,Semi-Rim
U0329,Round,Wayfarer,135,49,Plastic,Green,Semi-Rim
U0330,Round,Round,148,46,Titanium,Tortoise,Semi-Rim
U0331,Heart,Oval,148,46,Acetate,Gunmetal,Full-Rim
U0332,Heart,Aviator,137,48,Metal,Green,Full-Rim
U0333,Square,Round,132,52,Plastic,Gunmetal,Semi-Rim
U0334,Heart,Oval,145,49,Titanium,Blue,Rimless
U0335,Square,Aviator,139,51,Titanium,Tortoise,Full-Rim
U0336,Oval,Cat-Eye,144,49,Acetate,Silver,Full-Rim
U0337,Oval,Browline,144,38,Plastic,Blue,Full-Rim
U0338,Heart,Browline,131,45,Metal,Pink,Full-Rim
U0339,Round,Aviator,133,49,Plastic,Gold,Rimless
U0340,Heart,Rectangle,148,48,Titanium,Gunmetal,Full-Rim
U0341,Diamond,Cat-Eye,135,51,Plastic,Red,Semi-Rim
U0342,Round,Aviator,148,45,Acetate,Black,Semi-Rim
U0343,Diamond,Round,148,44,Acetate,Gold,Semi-Rim
U0344,Oval,Round,143,41,Titanium,Brown,Rimless
U0345,Diamond,Cat-Eye,140,43,Metal,Green,Semi-Rim
U0346,Oval,Rectangle,140,44,Plastic,Green,Rimless
U0347,Oval,Rectangle,132,42,Metal,Brown,Rimless
U0348,Diamond,Wayfarer,135,43,Titanium,Pink,Rimless
U0349,Oval,Cat-Eye,135,41,Acetate,Brown,Full-Rim
U0350,Heart,Cat-Eye,145,45,Metal,Green,Rimless
U0351,Round,Rectangle,144,39,Plastic,Green,Full-Rim
U0352,Diamond,Aviator,143,42,Titanium,Gold,Semi-Rim
U0353,Round,Cat-Eye,131,49,Acetate,Brown,Rimless
U0354,Square,Round,140,44,Acetate,Black,Full-Rim
U0355,Heart,Rectangle,149,40,Plastic,Silver,Rimless
U0356,Oval,Aviator,147,43,Metal,Pink,Full-Rim
U0357,Round,Rectangle,140,49,Plastic,Gold,Rimless
U0358,Oval,Square,141,51,Titanium,Brown,Full-Rim
U0359,Diamond,Oval,130,46,Acetate,Silver,Rimless
U0360,Round,Cat-Eye,137,40,Metal,Brown,Semi-Rim
U0361,Heart,Square,139,47,Metal,Red,Semi-Rim
U0362,Round,Round,132,50,Acetate,Brown,Rimless
U0363,Heart,Wayfarer,132,50,Metal,Black,Rimless
U0364,Round,Cat-Eye,138,41,Titanium,Green,Semi-Rim
U0365,Round,Aviator,138,50,Acetate,Silver,Rimless
U0366,Diamond,Cat-Eye,133,44,Plastic,Green,Semi-Rim
U0367,Round,Wayfarer,146,47,Titanium,Silver,Rimless
U0368,Oval,Wayfarer,148,39,Acetate,Silver,Full-Rim
U0369,Round,Oval,149,46,Metal,Black,Semi-Rim
U0370,Heart,Oval,132,44,Plastic,Pink,Rimless
U0371,Round,Wayfarer,132,41,Titanium,Silver,Semi-Rim
U0372,Oval,Square,142,47,Acetate,Blue,Full-Rim
U0373,Round,Square,145,45,Acetate,Red,Rimless
U0374,Round,Rectangle,147,46,Acetate,Gunmetal,Semi-Rim
U0375,Square,Round,141,43,Metal,Pink,Semi-Rim
U0376,Oval,Rectangle,133,44,Acetate,Silver,Semi-Rim
U0377,Diamond,Round,135,48,Titanium,Blue,Full-Rim
U0378,Square,Cat-Eye,130,52,Acetate,Blue,Full-Rim
U0379,Oval,Rectangle,150,43,Titanium,Tortoise,Semi-Rim
U0380,Round,Square,136,44,Metal,Red,Semi-Rim
U0381,Square,Cat-Eye,141,44,Metal,Gold,Full-Rim
U0382,Round,Square,130,51,Metal,Blue,Full-Rim
U0383,Heart,Rectangle,137,48,Plastic,Gold,Semi-Rim
U0384,Oval,Cat-Eye,132,38,Metal,Tortoise,Semi-Rim
U0385,Square,Aviator,134,47,Metal,Pink,Full-Rim
U0386,Heart,Aviator,139,44,Plastic,Blue,Semi-Rim
U0387,Heart,Cat-Eye,132,43,Plastic,Red,Semi-Rim
U0388,Square,Oval,142,47,Acetate,Black,Semi-Rim
U0389,Square,Aviator,140,39,Metal,Green,Full-Rim
U0390,Diamond,Wayfarer,148,47,Metal,Silver,Semi-Rim
U0391,Square,Browline,138,52,Metal,Pink,Full-Rim
U0392,Diamond,Wayfarer,150,41,Titanium,Green,Full-Rim
U0393,Oval,Browline,130,41,Acetate,Silver,Full-Rim
U0394,Diamond,Square,150,43,Metal,Gold,Rimless
U0395,Oval,Wayfarer,142,38,Plastic,Black,Rimless
U0396,Diamond,Oval,136,42,Plastic,Gold,Semi-Rim
U0397,Square,Aviator,137,43,Metal,Black,Full-Rim
U0398,Square,Aviator,130,48,Acetate,Red,Semi-Rim
U0399,Round,Cat-Eye,149,42,Titanium,Silver,Semi-Rim
U0400,Oval,Aviator,147,47,Metal,Pink,Full-Rim
U0401,Round,Square,145,45,Plastic,Black,Rimless
U0402,Square,Cat-Eye,131,44,Acetate,Green,Rimless
U0403,Oval,Cat-Eye,134,48,Acetate,Gunmetal,Full-Rim
U0404,Heart,Aviator,137,49,Plastic,Tortoise,Full-Rim
U0405,Diamond,Square,131,51,Metal,Gunmetal,Rimless
U0406,Oval,Browline,141,42,Titanium,Gold,Rimless
U0407,Round,Oval,150,52,Acetate,Green,Full-Rim
U0408,Heart,Browline,148,43,Plastic,Silver,Full-Rim
U0409,Heart,Wayfarer,144,44,Plastic,Blue,Full-Rim
U0410,Square,Browline,144,48,Metal,Pink,Full-Rim
U0411,Diamond,Wayfarer,143,44,Acetate,Gunmetal,Semi-Rim
U0412,Round,Oval,136,39,Acetate,Gold,Rimless
U0413,Round,Square,147,40,Acetate,Blue,Full-Rim
U0414,Square,Aviator,140,47,Metal,Brown,Semi-Rim
U0415,Round,Wayfarer,145,39,Acetate,Pink,Semi-Rim
U0416,Square,Rectangle,136,45,Plastic,Gunmetal,Rimless
U0417,Diamond,Square,144,41,Acetate,Gold,Full-Rim
U0418,Oval,Round,130,47,Titanium,Gunmetal,Semi-Rim
U0419,Round,Wayfarer,138,44,Plastic,Black,Rimless
U0420,Oval,Cat-Eye,150,52,Acetate,Black,Rimless
U0421,Oval,Round,146,42,Acetate,Green,Full-Rim
U0422,Round,Cat-Eye,143,42,Acetate,Gunmetal,Rimless
U0423,Round,Oval,144,48,Plastic,Green,Full-Rim
U0424,Round,Rectangle,141,40,Titanium,Gold,Full-Rim
U0425,Heart,Round,141,40,Acetate,Silver,Rimless
U0426,Round,Rectangle,141,51,Acetate,Blue,Rimless
U0427,Oval,Rectangle,145,42,Titanium,Black,Rimless
U0428,Heart,Square,147,46,Plastic,Green,Full-Rim
U0429,Diamond,Wayfarer,140,44,Metal,Gunmetal,Full-Rim
U0430,Round,Square,138,48,Metal,Black,Full-Rim
U0431,Round,Rectangle,132,39,Metal,Gold,Full-Rim
U0432,Oval,Round,150,48,Metal,Blue,Full-Rim
U0433,Heart,Round,146,46,Metal,Blue,Rimless
U0434,Oval,Rectangle,138,44,Metal,Silver,Semi-Rim
U0435,Heart,Browline,138,46,Plastic,Blue,Semi-Rim
U0436,Round,Aviator,143,47,Plastic,Silver,Full-Rim
U0437,Diamond,Browline,147,43,Plastic,Brown,Semi-Rim
U0438,Heart,Rectangle,131,38,Metal,Black,Semi-Rim
U0439,Oval,Browline,137,51,Metal,Black,Full-Rim
U0440,Heart,Rectangle,141,42,Acetate,Black,Semi-Rim
U0441,Square,Cat-Eye,149,49,Metal,Brown,Rimless
U0442,Round,Browline,141,40,Metal,Black,Full-Rim
U0443,Oval,Round,143,52,Metal,Blue,Full-Rim
U0444,Oval,Rectangle,140,52,Metal,Blue,Rimless
U0445,Heart,Wayfarer,137,38,Plastic,Blue,Full-Rim
U0446,Oval,Oval,140,45,Metal,Red,Full-Rim
U0447,Oval,Browline,138,48,Titanium,Black,Full-Rim
U0448,Heart,Wayfarer,146,45,Titanium,Black,Rimless
U0449,Round,Aviator,150,47,Metal,Gold,Semi-Rim
U0450,Round,Oval,138,50,Titanium,Green,Rimless
U0451,Heart,Aviator,145,51,Metal,Gold,Full-Rim
U0452,Square,Round,150,52,Plastic,Brown,Rimless
U0453,Heart,Wayfarer,144,48,Plastic,Tortoise,Full-Rim
U0454,Heart,Browline,137,44,Titanium,Tortoise,Semi-Rim
U0455,Round,Cat-Eye,144,52,Metal,Gold,Semi-Rim
U0456,Heart,Rectangle,146,43,Titanium,Brown,Rimless
U0457,Square,Oval,142,42,Metal,Gunmetal,Semi-Rim
U0458,Round,Round,142,49,Acetate,Green,Rimless
U0459,Heart,Round,138,44,Titanium,Black,Rimless
U0460,Heart,Wayfarer,130,47,Metal,Gold,Rimless
U0461,Heart,Round,132,47,Acetate,Silver,Semi-Rim
U0462,Diamond,Aviator,138,50,Acetate,Green,Rimless
U0463,Square,Cat-Eye,135,38,Metal,Green,Semi-Rim
U0464,Diamond,Browline,143,41,Plastic,Red,Semi-Rim
U0465,Square,Cat-Eye,132,47,Acetate,Brown,Semi-Rim
U0466,Round,Oval,132,38,Acetate,Blue,Semi-Rim
U0467,Diamond,Aviator,135,39,Metal,Gold,Semi-Rim
U0468,Square,Round,146,38,Plastic,Brown,Semi-Rim
U0469,Round,Cat-Eye,132,46,Titanium,Gold,Semi-Rim
U0470,Oval,Round,147,52,Metal,Black,Full-Rim
U0471,Square,Rectangle,143,40,Acetate,Silver,Rimless
U0472,Round,Round,143,38,Acetate,Blue,Rimless
U0473,Diamond,Wayfarer,133,42,Plastic,Pink,Rimless
U0474,Oval,Oval,147,46,Acetate,Gunmetal,Full-Rim
U0475,Square,Round,145,38,Metal,Pink,Rimless
U0476,Square,Oval,144,41,Acetate,Blue,Semi-Rim
U0477,Diamond,Rectangle,135,38,Acetate,Blue,Semi-Rim
U0478,Heart,Aviator,145,38,Acetate,Gunmetal,Rimless
U0479,Round,Round,142,42,Plastic,Tortoise,Semi-Rim
U0480,Square,Browline,148,38,Acetate,Pink,Full-Rim
U0481,Heart,Rectangle,146,40,Metal,Silver,Full-Rim
U0482,Oval,Wayfarer,137,51,Plastic,Green,Full-Rim
U0483,Diamond,Aviator,149,47,Titanium,Tortoise,Semi-Rim
U0484,Square,Round,147,48,Acetate,Green,Full-Rim
U0485,Oval,Aviator,135,48,Metal,Black,Rimless
U0486,Oval,Browline,133,43,Metal,Silver,Semi-Rim
U0487,Heart,Browline,144,47,Acetate,Gold,Semi-Rim
U0488,Square,Rectangle,136,42,Titanium,Gunmetal,Semi-Rim
U0489,Diamond,Aviator,150,38,Plastic,Pink,Rimless
U0490,Heart,Cat-Eye,150,45,Metal,Gunmetal,Full-Rim
U0491,Round,Browline,130,48,Titanium,Blue,Full-Rim
U0492,Square,Rectangle,140,46,Plastic,Silver,Full-Rim
U0493,Diamond,Aviator,138,45,Plastic,Silver,Rimless
U0494,Diamond,Aviator,145,41,Plastic,Green,Full-Rim
U0495,Heart,Rectangle,130,47,Acetate,Blue,Full-Rim
U0496,Oval,Square,149,45,Acetate,Green,Semi-Rim
U0497,Heart,Round,134,49,Plastic,Green,Full-Rim
U0498,Square,Square,137,49,Acetate,Black,Full-Rim
U0499,Diamond,Aviator,145,45,Metal,Tortoise,Semi-Rim
U0500,Oval,Square,130,44,Titanium,Silver,Semi-Rim
U0501,Diamond,Rectangle,137,47,Acetate,Red,Semi-Rim
U0502,Diamond,Square,131,40,Metal,Black,Rimless
U0503,Oval,Square,132,48,Metal,Pink,Rimless
U0504,Round,Round,146,51,Acetate,Tortoise,Full-Rim
U0505,Heart,Browline,131,51,Metal,Green,Semi-Rim
U0506,Round,Square,130,43,Titanium,Gold,Rimless
U0507,Square,Rectangle,144,47,Metal,Silver,Semi-Rim
U0508,Diamond,Oval,130,41,Plastic,Black,Full-Rim
U0509,Oval,Cat-Eye,136,51,Acetate,Gold,Full-Rim
U0510,Round,Wayfarer,147,49,Acetate,Black,Rimless
U0511,Diamond,Oval,138,47,Plastic,Brown,Semi-Rim
U0512,Round,Browline,133,42,Acetate,Tortoise,Semi-Rim
U0513,Heart,Round,142,49,Plastic,Gunmetal,Full-Rim
U0514,Oval,Browline,144,42,Plastic,Pink,Full-Rim
U0515,Heart,Round,133,41,Plastic,Gold,Full-Rim
U0516,Round,Square,142,50,Titanium,Gunmetal,Semi-Rim
U0517,Round,Browline,141,47,Acetate,Brown,Rimless
U0518,Heart,Cat-Eye,144,49,Metal,Gold,Rimless
U0519,Heart,Rectangle,130,49,Metal,Silver,Rimless
U0520,Oval,Browline,138,50,Plastic,Gunmetal,Semi-Rim
U0521,Oval,Cat-Eye,136,40,Metal,Gunmetal,Full-Rim
U0522,Oval,Round,143,48,Metal,Gunmetal,Rimless
U0523,Square,Rectangle,141,50,Acetate,Green,Rimless
U0524,Round,Aviator,143,40,Acetate,Red,Rimless
U0525,Square,Aviator,144,47,Acetate,Gold,Full-Rim
U0526,Square,Rectangle,148,50,Acetate,Red,Semi-Rim
U0527,Heart,Cat-Eye,145,45,Acetate,Green,Semi-Rim
U0528,Square,Square,138,42,Metal,Gold,Full-Rim
U0529,Diamond,Wayfarer,145,50,Plastic,Red,Full-Rim
U0530,Square,Round,146,40,Metal,Silver,Rimless
U0531,Round,Oval,135,42,Metal,Pink,Semi-Rim
U0532,Heart,Square,147,43,Titanium,Brown,Rimless
U0533,Heart,Cat-Eye,137,51,Titanium,Tortoise,Full-Rim
U0534,Heart,Rectangle,143,43,Acetate,Blue,Semi-Rim
U0535,Diamond,Rectangle,143,51,Metal,Silver,Full-Rim
U0536,Oval,Square,146,39,Titanium,Black,Semi-Rim
U0537,Heart,Wayfarer,144,38,Titanium,Gold,Full-Rim
U0538,Oval,Cat-Eye,144,46,Metal,Black,Semi-Rim
U0539,Round,Browline,149,40,Metal,Brown,Rimless
U0540,Oval,Round,135,45,Acetate,Silver,Rimless
U0541,Square,Browline,134,44,Titanium,Blue,Rimless
U0542,Heart,Oval,138,47,Acetate,Blue,Full-Rim
U0543,Oval,Round,143,52,Plastic,Red,Semi-Rim
U0544,Diamond,Rectangle,141,39,Metal,Red,Semi-Rim
U0545,Diamond,Cat-Eye,139,49,Plastic,Tortoise,Full-Rim
U0546,Diamond,Round,133,43,Titanium,Blue,Full-Rim
U0547,Diamond,Round,141,40,Acetate,Brown,Rimless
U0548,Round,Cat-Eye,132,47,Titanium,Red,Full-Rim
U0549,Diamond,Oval,147,51,Acetate,Gunmetal,Rimless
U0550,Diamond,Oval,140,38,Metal,Pink,Full-Rim
U0551,Diamond,Aviator,135,39,Acetate,Tortoise,Full-Rim
U0552,Diamond,Rectangle,148,49,Titanium,Brown,Full-Rim
U0553,Oval,Wayfarer,149,41,Metal,Red,Full-Rim
U0554,Round,Round,132,49,Acetate,Pink,Rimless
U0555,Diamond,Cat-Eye,144,46,Plastic,Green,Semi-Rim
U0556,Oval,Round,132,48,Metal,Red,Full-Rim
U0557,Square,Rectangle,137,46,Titanium,Red,Full-Rim
U0558,Heart,Wayfarer,132,43,Titanium,Blue,Full-Rim
U0559,Square,Square,134,40,Titanium,Gold,Semi-Rim
U0560,Heart,Rectangle,145,47,Plastic,Gold,Full-Rim
U0561,Heart,Square,148,43,Plastic,Gunmetal,Semi-Rim
U0562,Diamond,Aviator,132,52,Acetate,Brown,Rimless
U0563,Diamond,Square,132,49,Titanium,Tortoise,Rimless
U0564,Diamond,Oval,135,44,Metal,Silver,Full-Rim
U0565,Heart,Cat-Eye,147,44,Plastic,Blue,Full-Rim
U0566,Diamond,Browline,131,47,Titanium,Red,Semi-Rim
U0567,Oval,Wayfarer,150,52,Plastic,Pink,Semi-Rim
U0568,Square,Wayfarer,145,39,Acetate,Pink,Rimless
U0569,Heart,Rectangle,150,41,Acetate,Gold,Semi-Rim
U0570,Oval,Wayfarer,134,41,Titanium,Blue,Semi-Rim
U0571,Diamond,Wayfarer,138,41,Acetate,Gunmetal,Full-Rim
U0572,Oval,Browline,142,50,Acetate,Gunmetal,Semi-Rim
U0573,Oval,Square,139,52,Plastic,Pink,Semi-Rim
U0574,Heart,Aviator,142,51,Plastic,Red,Full-Rim
U0575,Diamond,Square,147,40,Acetate,Blue,Semi-Rim
U0576,Square,Browline,135,51,Plastic,Gold,Semi-Rim
U0577,Square,Wayfarer,135,51,Titanium,Black,Semi-Rim
U0578,Oval,Square,137,40,Plastic,Black,Semi-Rim
U0579,Heart,Wayfarer,138,39,Plastic,Red,Full-Rim
U0580,Square,Rectangle,150,41,Metal,Black,Full-Rim
U0581,Round,Square,135,46,Titanium,Pink,Semi-Rim
U0582,Square,Wayfarer,132,49,Acetate,Silver,Semi-Rim
U0583,Square,Cat-Eye,149,48,Acetate,Green,Rimless
U0584,Square,Oval,142,41,Metal,Blue,Semi-Rim
U0585,Oval,Rectangle,132,43,Metal,Red,Semi-Rim
U0586,Heart,Cat-Eye,134,44,Titanium,Blue,Full-Rim
U0587,Oval,Round,147,50,Metal,Brown,Semi-Rim
U0588,Square,Oval,145,38,Acetate,Brown,Full-Rim
U0589,Oval,Aviator,148,46,Metal,Brown,Semi-Rim
U0590,Square,Aviator,135,43,Acetate,Gold,Semi-Rim
U0591,Heart,Rectangle,137,44,Acetate,Red,Full-Rim
U0592,Round,Oval,143,47,Titanium,Blue,Semi-Rim
U0593,Oval,Rectangle,139,39,Plastic,Gunmetal,Rimless
U0594,Square,Rectangle,135,44,Metal,Gold,Semi-Rim
U0595,Square,Square,150,50,Titanium,Black,Full-Rim
U0596,Heart,Wayfarer,140,50,Plastic,Green,Rimless
U0597,Round,Round,147,47,Metal,Green,Semi-Rim
U0598,Square,Rectangle,147,47,Plastic,Green,Full-Rim
U0599,Round,Browline,138,44,Acetate,Silver,Semi-Rim
U0600,Diamond,Browline,138,43,Acetate,Tortoise,Rimless
U0601,Oval,Cat-Eye,144,44,Titanium,Gold,Full-Rim
U0602,Square,Oval,139,43,Acetate,Pink,Full-Rim
U0603,Square,Aviator,139,45,Plastic,Gunmetal,Full-Rim
U0604,Heart,Cat-Eye,131,45,Titanium,Gold,Full-Rim
U0605,Round,Aviator,142,43,Metal,Blue,Semi-Rim
U0606,Round,Square,130,44,Plastic,Red,Full-Rim
U0607,Square,Wayfarer,135,44,Plastic,Red,Semi-Rim
U0608,Round,Round,132,43,Plastic,Brown,Full-Rim
U0609,Oval,Oval,149,45,Titanium,Green,Rimless
U0610,Round,Square,145,43,Titanium,Green,Full-Rim
U0611,Diamond,Cat-Eye,146,51,Acetate,Tortoise,Full-Rim
U0612,Heart,Rectangle,141,41,Plastic,Black,Full-Rim
U0613,Diamond,Cat-Eye,130,44,Acetate,Green,Rimless
U0614,Oval,Oval,130,48,Titanium,Black,Full-Rim
U0615,Heart,Rectangle,150,51,Titanium,Gunmetal,Full-Rim
U0616,Heart,Wayfarer,150,49,Metal,Silver,Full-Rim
U0617,Square,Aviator,145,48,Titanium,Blue,Rimless
U0618,Diamond,Cat-Eye,149,51,Plastic,Silver,Semi-Rim
U0619,Round,Oval,146,46,Titanium,Gold,Full-Rim
U0620,Oval,Cat-Eye,134,45,Titanium,Gold,Rimless
U0621,Square,Rectangle,150,40,Acetate,Brown,Semi-Rim
U0622,Heart,Aviator,138,51,Acetate,Silver,Semi-Rim
U0623,Heart,Oval,132,52,Plastic,Red,Semi-Rim
U0624,Oval,Cat-Eye,142,49,Titanium,Gold,Full-Rim
U0625,Square,Square,137,39,Plastic,Black,Semi-Rim
U0626,Diamond,Oval,144,52,Titanium,Brown,Semi-Rim
U0627,Diamond,Rectangle,147,42,Titanium,Red,Semi-Rim
U0628,Diamond,Square,150,43,Acetate,Gold,Full-Rim
U0629,Round,Wayfarer,138,46,Titanium,Black,Semi-Rim
U0630,Oval,Cat-Eye,130,39,Acetate,Red,Semi-Rim
U0631,Square,Aviator,146,38,Titanium,Silver,Rimless
U0632,Square,Aviator,139,42,Acetate,Red,Rimless
U0633,Heart,Wayfarer,133,52,Plastic,Red,Rimless
U0634,Diamond,Aviator,145,49,Titanium,Silver,Rimless
U0635,Diamond,Wayfarer,145,46,Acetate,Tortoise,Rimless
U0636,Heart,Rectangle,141,42,Metal,Gold,Rimless
U0637,Round,Oval,146,47,Titanium,Brown,Rimless
U0638,Oval,Wayfarer,143,52,Acetate,Gunmetal,Semi-Rim
U0639,Oval,Aviator,144,38,Plastic,Brown,Rimless
U0640,Heart,Square,140,41,Acetate,Silver,Full-Rim
U0641,Round,Browline,137,50,Titanium,Green,Rimless
U0642,Round,Round,131,48,Titanium,Red,Full-Rim
U0643,Square,Rectangle,131,38,Titanium,Tortoise,Full-Rim
U0644,Oval,Round,144,41,Acetate,Gunmetal,Full-Rim
U0645,Round,Oval,131,51,Plastic,Tortoise,Semi-Rim
U0646,Round,Oval,142,41,Plastic,Black,Full-Rim
U0647,Square,Rectangle,146,47,Acetate,Tortoise,Semi-Rim
U0648,Diamond,Browline,134,47,Metal,Silver,Semi-Rim
U0649,Oval,Oval,131,51,Metal,Silver,Rimless
U0650,Heart,Square,144,45,Plastic,Tortoise,Rimless
U0651,Heart,Wayfarer,137,50,Acetate,Black,Semi-Rim
U0652,Square,Cat-Eye,132,47,Titanium,Brown,Semi-Rim
U0653,Oval,Browline,139,47,Plastic,Black,Rimless
U0654,Round,Square,134,51,Acetate,Silver,Full-Rim
U0655,Round,Rectangle,146,51,Acetate,Green,Full-Rim
U0656,Square,Browline,138,51,Acetate,Pink,Full-Rim
U0657,Diamond,Browline,144,41,Plastic,Pink,Semi-Rim
U0658,Diamond,Oval,150,51,Metal,Gold,Full-Rim
U0659,Diamond,Oval,137,48,Titanium,Silver,Rimless
U0660,Oval,Square,132,44,Titanium,Brown,Semi-Rim
U0661,Round,Wayfarer,135,44,Acetate,Gunmetal,Semi-Rim
U0662,Heart,Round,142,39,Titanium,Red,Full-Rim
U0663,Heart,Rectangle,144,41,Plastic,Black,Full-Rim
U0664,Oval,Browline,132,46,Metal,Tortoise,Full-Rim
U0665,Diamond,Aviator,145,48,Plastic,Black,Rimless
U0666,Diamond,Rectangle,146,48,Plastic,Gold,Rimless
U0667,Heart,Browline,131,51,Metal,Gold,Full-Rim
U0668,Square,Cat-Eye,140,49,Titanium,Tortoise,Semi-Rim
U0669,Oval,Aviator,132,40,Acetate,Gunmetal,Full-Rim
U0670,Square,Browline,131,52,Titanium,Red,Semi-Rim
U0671,Round,Square,141,42,Titanium,Brown,Semi-Rim
U0672,Round,Square,143,43,Metal,Red,Rimless
U0673,Heart,Cat-Eye,147,50,Metal,Gold,Full-Rim
U0674,Square,Aviator,143,49,Plastic,Pink,Full-Rim
U0675,Round,Round,135,50,Acetate,Gold,Full-Rim
U0676,Heart,Oval,136,42,Metal,Black,Rimless
U0677,Diamond,Square,134,51,Acetate,Red,Rimless
U0678,Square,Browline,139,46,Titanium,Black,Rimless
U0679,Round,Browline,134,43,Acetate,Tortoise,Full-Rim
U0680,Oval,Browline,140,40,Acetate,Gold,Rimless
U0681,Square,Cat-Eye,141,48,Plastic,Gold,Rimless
U0682,Square,Wayfarer,140,41,Metal,Silver,Semi-Rim
U0683,Oval,Browline,131,38,Metal,Blue,Full-Rim
U0684,Diamond,Wayfarer,130,43,Metal,Silver,Full-Rim
U0685,Heart,Browline,138,43,Acetate,Brown,Full-Rim
U0686,Heart,Rectangle,149,49,Titanium,Silver,Full-Rim
U0687,Diamond,Oval,136,47,Metal,Tortoise,Rimless
U0688,Diamond,Cat-Eye,135,40,Metal,Silver,Semi-Rim
U0689,Heart,Square,135,41,Acetate,Tortoise,Full-Rim
U0690,Square,Square,133,41,Titanium,Red,Semi-Rim
U0691,Square,Cat-Eye,148,44,Titanium,Gunmetal,Semi-Rim
U0692,Diamond,Square,149,44,Metal,Blue,Full-Rim
U0693,Oval,Round,139,47,Metal,Gold,Semi-Rim
U0694,Square,Cat-Eye,149,52,Metal,Red,Full-Rim
U0695,Square,Round,148,40,Acetate,Brown,Semi-Rim
U0696,Oval,Aviator,134,48,Acetate,Brown,Full-Rim
U0697,Heart,Rectangle,134,38,Metal,Blue,Full-Rim
U0698,Diamond,Square,136,52,Acetate,Green,Semi-Rim
U0699,Square,Cat-Eye,143,43,Acetate,Blue,Semi-Rim
U0700,Round,Aviator,149,38,Acetate,Green,Semi-Rim
U0701,Round,Wayfarer,147,51,Titanium,Tortoise,Full-Rim
U0702,Heart,Oval,136,45,Titanium,Red,Rimless
U0703,Round,Oval,148,44,Titanium,Brown,Full-Rim
U0704,Diamond,Square,148,47,Plastic,Black,Semi-Rim
U0705,Heart,Oval,147,48,Metal,Green,Full-Rim
U0706,Oval,Square,147,40,Metal,Tortoise,Rimless
U0707,Heart,Browline,136,45,Metal,Gold,Semi-Rim
U0708,Diamond,Wayfarer,147,45,Metal,Gold,Rimless
U0709,Heart,Rectangle,150,43,Plastic,Gunmetal,Semi-Rim
U0710,Square,Browline,141,43,Metal,Brown,Semi-Rim
U0711,Square,Cat-Eye,135,47,Plastic,Gunmetal,Full-Rim
U0712,Round,Square,138,45,Acetate,Black,Full-Rim
U0713,Round,Cat-Eye,131,42,Metal,Blue,Rimless
U0714,Round,Round,147,49,Acetate,Gunmetal,Rimless
U0715,Diamond,Round,132,47,Titanium,Silver,Full-Rim
U0716,Square,Oval,149,49,Metal,Gold,Rimless
U0717,Diamond,Cat-Eye,139,43,Acetate,Black,Rimless
U0718,Square,Cat-Eye,138,39,Metal,Green,Full-Rim
U0719,Diamond,Wayfarer,145,43,Titanium,Brown,Rimless
U0720,Square,Oval,136,41,Plastic,Gold,Rimless
U0721,Square,Round,138,39,Metal,Red,Rimless
U0722,Round,Wayfarer,134,41,Titanium,Pink,Rimless
U0723,Heart,Round,135,43,Metal,Green,Semi-Rim
U0724,Diamond,Rectangle,142,51,Plastic,Green,Rimless
U0725,Oval,Cat-Eye,138,38,Titanium,Gold,Semi-Rim
U0726,Round,Round,148,48,Metal,Green,Rimless
U0727,Round,Oval,134,44,Plastic,Green,Rimless
U0728,Heart,Round,143,39,Acetate,Blue,Full-Rim
U0729,Oval,Browline,139,39,Acetate,Green,Rimless
U0730,Oval,Cat-Eye,138,39,Metal,Gunmetal,Rimless
U0731,Heart,Round,144,48,Titanium,Black,Full-Rim
U0732,Heart,Wayfarer,137,43,Acetate,Brown,Rimless
U0733,Diamond,Wayfarer,137,42,Plastic,Pink,Full-Rim
U0734,Oval,Aviator,145,52,Plastic,Brown,Rimless
U0735,Oval,Square,140,38,Titanium,Gunmetal,Semi-Rim
U0736,Oval,Rectangle,139,47,Titanium,Blue,Full-Rim
U0737,Square,Browline,147,51,Plastic,Red,Semi-Rim
U0738,Round,Rectangle,144,49,Plastic,Gunmetal,Full-Rim
U0739,Oval,Rectangle,139,46,Titanium,Silver,Full-Rim
U0740,Oval,Round,146,44,Plastic,Pink,Full-Rim
U0741,Square,Round,148,49,Metal,Tortoise,Semi-Rim
U0742,Square,Oval,141,38,Metal,Blue,Semi-Rim
U0743,Heart,Square,142,52,Acetate,Tortoise,Semi-Rim
U0744,Square,Cat-Eye,133,44,Metal,Green,Rimless
U0745,Diamond,Cat-Eye,143,44,Plastic,Blue,Semi-Rim
U0746,Square,Oval,138,42,Metal,Red,Semi-Rim
U0747,Heart,Square,143,39,Titanium,Silver,Rimless
U0748,Oval,Browline,136,44,Acetate,Red,Rimless
U0749,Heart,Square,149,44,Metal,Blue,Semi-Rim
U0750,Square,Wayfarer,140,47,Acetate,Gunmetal,Rimless
U0751,Oval,Rectangle,142,38,Plastic,Green,Rimless
U0752,Oval,Wayfarer,140,46,Metal,Tortoise,Semi-Rim
U0753,Round,Square,138,46,Metal,Gold,Full-Rim
U0754,Oval,Square,142,41,Titanium,Tortoise,Rimless
U0755,Heart,Wayfarer,131,46,Titanium,Black,Full-Rim
U0756,Square,Rectangle,150,40,Acetate,Silver,Full-Rim
U0757,Oval,Aviator,139,44,Plastic,Black,Rimless
U0758,Oval,Browline,134,43,Acetate,Blue,Full-Rim
U0759,Oval,Cat-Eye,136,47,Metal,Green,Semi-Rim
U0760,Round,Aviator,132,38,Metal,Tortoise,Rimless
U0761,Round,Round,142,52,Acetate,Red,Full-Rim
U0762,Square,Cat-Eye,132,44,Metal,Pink,Rimless
U0763,Round,Round,145,50,Acetate,Brown,Rimless
U0764,Diamond,Rectangle,144,39,Plastic,Gold,Full-Rim
U0765,Round,Cat-Eye,135,43,Metal,Blue,Rimless
U0766,Heart,Wayfarer,148,38,Titanium,Green,Rimless
U0767,Square,Wayfarer,134,43,Acetate,Blue,Semi-Rim
U0768,Diamond,Rectangle,148,40,Plastic,Green,Semi-Rim
U0769,Heart,Round,134,45,Titanium,Brown,Semi-Rim
U0770,Square,Aviator,135,39,Acetate,Pink,Semi-Rim
U0771,Heart,Square,146,38,Plastic,Tortoise,Full-Rim
U0772,Oval,Square,136,40,Acetate,Blue,Semi-Rim
U0773,Square,Rectangle,134,49,Titanium,Red,Rimless
U0774,Diamond,Aviator,133,38,Titanium,Green,Rimless
U0775,Round,Browline,143,44,Acetate,Brown,Semi-Rim
U0776,Diamond,Oval,136,52,Titanium,Tortoise,Full-Rim
U0777,Square,Cat-Eye,132,45,Acetate,Blue,Full-Rim
U0778,Heart,Square,135,40,Titanium,Pink,Rimless
U0779,Round,Aviator,149,50,Plastic,Tortoise,Full-Rim
U0780,Diamond,Round,141,47,Plastic,Brown,Full-Rim
U0781,Heart,Cat-Eye,139,38,Titanium,Green,Rimless
U0782,Heart,Rectangle,139,48,Titanium,Pink,Semi-Rim
U0783,Heart,Oval,149,43,Titanium,Pink,Full-Rim
U0784,Round,Round,137,50,Titanium,Black,Rimless
U0785,Square,Browline,139,40,Acetate,Silver,Semi-Rim
U0786,Heart,Wayfarer,130,41,Titanium,Silver,Rimless
U0787,Oval,Browline,136,41,Titanium,Gunmetal,Semi-Rim
U0788,Heart,Round,132,48,Metal,Black,Semi-Rim
U0789,Heart,Aviator,133,46,Titanium,Pink,Full-Rim
U0790,Diamond,Wayfarer,143,51,Titanium,Green,Rimless
U0791,Square,Square,146,47,Acetate,Brown,Semi-Rim
U0792,Heart,Square,146,45,Titanium,Tortoise,Full-Rim
U0793,Round,Oval,134,44,Titanium,Brown,Semi-Rim
U0794,Diamond,Oval,147,45,Metal,Gunmetal,Full-Rim
U0795,Oval,Round,149,50,Acetate,Green,Semi-Rim
U0796,Diamond,Cat-Eye,139,44,Metal,Blue,Full-Rim
U0797,Heart,Square,131,38,Metal,Red,Full-Rim
U0798,Diamond,Oval,135,46,Titanium,Pink,Full-Rim
U0799,Square,Oval,148,38,Titanium,Gunmetal,Semi-Rim
U0800,Oval,Browline,144,38,Plastic,Green,Full-Rim
U0801,Round,Square,146,49,Acetate,Blue,Semi-Rim
U0802,Heart,Round,146,45,Titanium,Tortoise,Semi-Rim
U0803,Heart,Wayfarer,147,38,Plastic,Blue,Full-Rim
U0804,Heart,Cat-Eye,146,39,Acetate,Blue,Full-Rim
U0805,Square,Square,138,40,Titanium,Brown,Semi-Rim
U0806,Diamond,Round,132,40,Acetate,Black,Semi-Rim
U0807,Round,Rectangle,148,43,Acetate,Black,Semi-Rim
U0808,Oval,Wayfarer,143,52,Titanium,Black,Full-Rim
U0809,Heart,Wayfarer,134,47,Titanium,Blue,Semi-Rim
U0810,Square,Aviator,131,49,Acetate,Tortoise,Semi-Rim
U0811,Oval,Browline,140,49,Titanium,Black,Full-Rim
U0812,Round,Wayfarer,135,40,Acetate,Silver,Semi-Rim
U0813,Heart,Square,142,42,Plastic,Gold,Full-Rim
U0814,Diamond,Rectangle,140,51,Acetate,Tortoise,Semi-Rim
U0815,Diamond,Browline,135,49,Titanium,Gold,Rimless
U0816,Oval,Cat-Eye,139,41,Metal,Pink,Rimless
U0817,Oval,Square,140,42,Metal,Green,Full-Rim
U0818,Diamond,Round,146,39,Acetate,Red,Semi-Rim
U0819,Oval,Square,147,47,Metal,Tortoise,Rimless
U0820,Oval,Square,133,38,Plastic,Black,Full-Rim
U0821,Heart,Round,137,51,Metal,Green,Rimless
U0822,Heart,Oval,134,42,Metal,Silver,Semi-Rim
U0823,Oval,Wayfarer,139,38,Acetate,Red,Rimless
U0824,Round,Rectangle,136,52,Metal,Black,Full-Rim
U0825,Round,Wayfarer,138,45,Plastic,Red,Rimless
U0826,Round,Square,141,39,Plastic,Silver,Rimless
U0827,Diamond,Oval,132,47,Titanium,Gold,Semi-Rim
U0828,Heart,Wayfarer,145,48,Acetate,Tortoise,Semi-Rim
U0829,Diamond,Wayfarer,141,45,Titanium,Brown,Full-Rim
U0830,Oval,Browline,133,48,Metal,Brown,Rimless
U0831,Diamond,Cat-Eye,136,43,Plastic,Gold,Semi-Rim
U0832,Heart,Cat-Eye,143,48,Plastic,Brown,Full-Rim
U0833,Square,Oval,137,40,Plastic,Red,Full-Rim
U0834,Diamond,Aviator,150,43,Titanium,Red,Semi-Rim
U0835,Oval,Aviator,131,44,Acetate,Pink,Semi-Rim
U0836,Square,Browline,135,43,Plastic,Green,Full-Rim
U0837,Oval,Cat-Eye,146,46,Plastic,Green,Full-Rim
U0838,Square,Wayfarer,133,45,Acetate,Silver,Rimless
U0839,Diamond,Cat-Eye,145,46,Titanium,Tortoise,Semi-Rim
U0840,Round,Square,132,44,Metal,Gold,Semi-Rim
U0841,Round,Round,144,47,Metal,Pink,Semi-Rim
U0842,Square,Wayfarer,135,50,Metal,Blue,Full-Rim
U0843,Square,Cat-Eye,131,50,Acetate,Green,Full-Rim
U0844,Heart,Cat-Eye,147,44,Metal,Red,Full-Rim
U0845,Square,Cat-Eye,134,39,Plastic,Gold,Rimless
U0846,Oval,Cat-Eye,140,48,Titanium,Brown,Rimless
U0847,Oval,Rectangle,140,41,Titanium,Green,Rimless
U0848,Round,Rectangle,134,40,Titanium,Brown,Full-Rim
U0849,Heart,Square,136,38,Plastic,Green,Full-Rim
U0850,Square,Aviator,147,46,Titanium,Pink,Rimless
U0851,Oval,Square,130,41,Plastic,Gold,Semi-Rim
U0852,Diamond,Round,141,47,Metal,Red,Semi-Rim
U0853,Heart,Oval,139,52,Titanium,Pink,Full-Rim
U0854,Round,Oval,137,48,Acetate,Brown,Rimless
U0855,Round,Oval,142,45,Plastic,Gunmetal,Full-Rim
U0856,Heart,Square,141,46,Metal,Brown,Semi-Rim
U0857,Round,Square,146,44,Metal,Gunmetal,Rimless
U0858,Round,Oval,132,38,Titanium,Red,Rimless
U0859,Square,Oval,143,43,Metal,Pink,Semi-Rim
U0860,Square,Square,144,44,Metal,Blue,Semi-Rim
U0861,Diamond,Oval,149,46,Acetate,Green,Rimless
U0862,Round,Round,134,40,Plastic,Gunmetal,Rimless
U0863,Diamond,Cat-Eye,145,51,Plastic,Blue,Rimless
U0864,Oval,Rectangle,133,38,Acetate,Red,Rimless
U0865,Oval,Oval,137,45,Plastic,Green,Rimless
U0866,Heart,Square,143,51,Metal,Black,Rimless
U0867,Diamond,Wayfarer,150,48,Titanium,Red,Semi-Rim
U0868,Heart,Browline,139,48,Titanium,Red,Rimless
U0869,Heart,Wayfarer,134,51,Plastic,Silver,Full-Rim
U0870,Round,Rectangle,150,43,Plastic,Tortoise,Full-Rim
U0871,Square,Aviator,141,51,Titanium,Blue,Full-Rim
U0872,Round,Rectangle,137,39,Titanium,Black,Rimless
U0873,Heart,Wayfarer,148,38,Metal,Gunmetal,Semi-Rim
U0874,Round,Square,132,47,Metal,Brown,Semi-Rim
U0875,Round,Aviator,139,50,Acetate,Blue,Semi-Rim
U0876,Square,Wayfarer,146,48,Acetate,Pink,Full-Rim
U0877,Heart,Browline,135,49,Acetate,Red,Rimless
U0878,Square,Round,141,38,Titanium,Silver,Rimless
U0879,Heart,Rectangle,136,41,Acetate,Tortoise,Rimless
U0880,Oval,Cat-Eye,131,38,Plastic,Gold,Full-Rim
U0881,Oval,Square,136,47,Acetate,Gold,Semi-Rim
U0882,Round,Cat-Eye,147,39,Metal,Brown,Semi-Rim
U0883,Square,Round,131,41,Metal,Green,Rimless
U0884,Diamond,Square,131,49,Metal,Blue,Rimless
U0885,Diamond,Round,141,42,Plastic,Red,Semi-Rim
U0886,Heart,Oval,139,46,Metal,Tortoise,Semi-Rim
U0887,Oval,Aviator,139,51,Plastic,Green,Full-Rim
U0888,Diamond,Rectangle,136,49,Metal,Gold,Semi-Rim
U0889,Oval,Rectangle,144,43,Metal,Blue,Rimless
U0890,Square,Rectangle,138,46,Titanium,Gold,Rimless
U0891,Round,Browline,138,50,Metal,Green,Rimless
U0892,Oval,Cat-Eye,137,49,Acetate,Green,Rimless
U0893,Square,Square,138,50,Acetate,Red,Semi-Rim
U0894,Oval,Browline,131,49,Acetate,Gunmetal,Full-Rim
U0895,Oval,Browline,132,38,Plastic,Red,Semi-Rim
U0896,Round,Browline,147,50,Metal,Silver,Full-Rim
U0897,Round,Browline,135,46,Acetate,Gunmetal,Semi-Rim
U0898,Oval,Rectangle,133,40,Metal,Gunmetal,Full-Rim
U0899,Diamond,Square,137,48,Plastic,Red,Rimless
U0900,Diamond,Round,148,52,Titanium,Green,Rimless
U0901,Oval,Square,138,50,Plastic,Green,Full-Rim
U0902,Heart,Rectangle,137,51,Titanium,Green,Rimless
U0903,Square,Round,149,41,Metal,Black,Rimless
U0904,Round,Round,150,38,Acetate,Pink,Semi-Rim
U0905,Round,Browline,137,49,Metal,Silver,Semi-Rim
U0906,Square,Rectangle,139,46,Metal,Red,Rimless
U0907,Diamond,Round,142,40,Acetate,Pink,Full-Rim
U0908,Square,Wayfarer,136,45,Titanium,Brown,Semi-Rim
U0909,Oval,Cat-Eye,138,43,Metal,Black,Rimless
U0910,Diamond,Aviator,131,45,Acetate,Pink,Full-Rim
U0911,Round,Aviator,138,51,Titanium,Blue,Semi-Rim
U0912,Heart,Aviator,132,43,Metal,Brown,Semi-Rim
U0913,Round,Wayfarer,131,41,Titanium,Silver,Full-Rim
U0914,Oval,Rectangle,150,38,Acetate,Gunmetal,Full-Rim
U0915,Diamond,Square,150,38,Metal,Gunmetal,Full-Rim
U0916,Oval,Rectangle,137,47,Acetate,Blue,Rimless
U0917,Diamond,Cat-Eye,148,48,Titanium,Gold,Semi-Rim
U0918,Diamond,Oval,149,50,Metal,Brown,Full-Rim
U0919,Round,Oval,134,40,Titanium,Blue,Rimless
U0920,Heart,Oval,137,45,Titanium,Gold,Full-Rim
U0921,Heart,Rectangle,132,47,Titanium,Gunmetal,Rimless
U0922,Round,Round,142,38,Titanium,Black,Semi-Rim
U0923,Square,Cat-Eye,146,42,Titanium,Black,Semi-Rim
U0924,Square,Oval,133,49,Acetate,Black,Rimless
U0925,Diamond,Cat-Eye,142,47,Metal,Red,Rimless
U0926,Round,Rectangle,145,41,Titanium,Black,Rimless
U0927,Heart,Round,135,45,Metal,Brown,Rimless
U0928,Diamond,Square,142,48,Plastic,Green,Full-Rim
U0929,Heart,Rectangle,145,45,Metal,Tortoise,Semi-Rim
U0930,Oval,Browline,135,40,Metal,Blue,Rimless
U0931,Heart,Cat-Eye,135,47,Acetate,Gold,Full-Rim
U0932,Round,Browline,138,51,Acetate,Black,Semi-Rim
U0933,Round,Cat-Eye,144,51,Plastic,Gunmetal,Rimless
U0934,Diamond,Wayfarer,147,49,Plastic,Red,Rimless
U0935,Diamond,Square,132,44,Titanium,Silver,Semi-Rim
U0936,Round,Oval,150,51,Plastic,Gold,Rimless
U0937,Heart,Rectangle,136,49,Acetate,Brown,Rimless
U0938,Heart,Wayfarer,131,50,Titanium,Red,Semi-Rim
U0939,Square,Round,147,50,Titanium,Red,Semi-Rim
U0940,Round,Aviator,138,39,Acetate,Black,Full-Rim
U0941,Square,Cat-Eye,149,51,Acetate,Brown,Semi-Rim
U0942,Diamond,Browline,147,46,Acetate,Brown,Full-Rim
U0943,Oval,Round,141,43,Metal,Silver,Semi-Rim
U0944,Diamond,Square,141,44,Acetate,Silver,Full-Rim
U0945,Heart,Wayfarer,142,50,Titanium,Red,Semi-Rim
U0946,Square,Cat-Eye,150,47,Acetate,Pink,Full-Rim
U0947,Heart,Round,139,38,Titanium,Blue,Full-Rim
U0948,Diamond,Browline,140,49,Plastic,Blue,Full-Rim
U0949,Heart,Aviator,149,49,Metal,Brown,Full-Rim
U0950,Square,Rectangle,141,38,Acetate,Silver,Semi-Rim
U0951,Square,Browline,137,48,Acetate,Pink,Semi-Rim
U0952,Square,Browline,143,52,Plastic,Blue,Semi-Rim
U0953,Heart,Cat-Eye,145,38,Metal,Black,Rimless
U0954,Round,Cat-Eye,132,45,Plastic,Red,Semi-Rim
U0955,Diamond,Oval,145,52,Metal,Gold,Full-Rim
U0956,Heart,Oval,134,39,Metal,Red,Full-Rim
U0957,Oval,Square,144,50,Metal,Gold,Semi-Rim
U0958,Diamond,Rectangle,132,41,Metal,Gold,Semi-Rim
U0959,Diamond,Wayfarer,142,42,Plastic,Blue,Full-Rim
U0960,Square,Aviator,139,48,Metal,Black,Full-Rim
U0961,Diamond,Oval,137,39,Acetate,Red,Full-Rim
U0962,Diamond,Oval,149,46,Titanium,Blue,Semi-Rim
U0963,Oval,Cat-Eye,139,48,Acetate,Black,Semi-Rim
U0964,Diamond,Square,135,46,Plastic,Green,Rimless
U0965,Square,Aviator,145,51,Titanium,Gold,Rimless
U0966,Diamond,Aviator,139,44,Metal,Brown,Full-Rim
U0967,Heart,Square,140,51,Acetate,Tortoise,Rimless
U0968,Heart,Rectangle,130,38,Metal,Green,Semi-Rim
U0969,Round,Aviator,141,46,Plastic,Gold,Semi-Rim
U0970,Heart,Square,144,51,Metal,Gunmetal,Full-Rim
U0971,Oval,Rectangle,139,49,Acetate,Green,Semi-Rim
U0972,Round,Wayfarer,132,43,Acetate,Gunmetal,Rimless
U0973,Round,Round,140,52,Titanium,Brown,Semi-Rim
U0974,Heart,Wayfarer,147,43,Metal,Gunmetal,Semi-Rim
U0975,Diamond,Square,148,39,Plastic,Blue,Full-Rim
U0976,Round,Rectangle,140,39,Plastic,Red,Rimless
U0977,Diamond,Rectangle,136,46,Metal,Red,Rimless
U0978,Oval,Square,150,40,Titanium,Blue,Full-Rim
U0979,Diamond,Browline,131,43,Titanium,Brown,Full-Rim
U0980,Square,Round,144,47,Titanium,Green,Full-Rim
U0981,Diamond,Round,135,48,Plastic,Gunmetal,Rimless
U0982,Heart,Oval,130,49,Titanium,Gold,Full-Rim
U0983,Heart,Rectangle,133,51,Plastic,Gunmetal,Rimless
U0984,Square,Oval,138,49,Metal,Gold,Rimless
U0985,Diamond,Wayfarer,135,52,Metal,Blue,Rimless
U0986,Square,Cat-Eye,150,49,Acetate,Gold,Rimless
U0987,Heart,Oval,142,51,Metal,Brown,Rimless
U0988,Diamond,Oval,145,52,Metal,Gunmetal,Rimless
U0989,Square,Round,147,46,Titanium,Green,Full-Rim
U0990,Oval,Wayfarer,144,52,Metal,Pink,Semi-Rim
U0991,Round,Browline,140,39,Acetate,Gold,Rimless
U0992,Heart,Square,138,47,Plastic,Green,Rimless
U0993,Oval,Browline,131,40,Acetate,Green,Rimless
U0994,Heart,Square,132,39,Titanium,Blue,Semi-Rim
U0995,Square,Aviator,147,51,Titanium,Tortoise,Semi-Rim
U0996,Round,Browline,139,42,Acetate,Pink,Semi-Rim
U0997,Round,Cat-Eye,144,47,Titanium,Red,Semi-Rim
U0998,Oval,Oval,143,46,Acetate,Black,Rimless
U0999,Round,Oval,145,42,Acetate,Red,Rimless
U1000,Oval,Square,131,38,Acetate,Gunmetal,Full-Rim
